Workbook

Sheet Index
A1: CDSCO HYDERABAD - 45 kWp BALLAST-TYPE ROOFTOP MMS | DESIGN CALCULATION (IS 800:2007 LSD)
B3: Client / EPC | C3: M/s Sai Babuji Projects Pvt Ltd
B4: Design & Engg | C4: M/s JSP Solar Energy
B5: Drawing | C5: AL-001 R0 (10.09.2026, For Information)
B6: Structure | C6: ISA 50x50x5 frame, 10.115 deg tilt, ballast blocks + J-bolts, 82 tables
B7: Codes | C7: IS 875 (Pt 1,3), IS 800:2007 LSD, IS 456:2000 (anchorage), IS 1893 (Pt 1):2016
B8: Revision | C8: R1 - module dead load as UDL on rafters per client comment (see sheet Revision; R0 superseded)
B10: Sheet | C10: Content (calculation flows top to bottom)
B11: Summary | C11: All checks, utilisation, PASS/FAIL, key results
B12: Revision | C12: R1: client comment, response, R0 -> R1 comparison
B13: Inputs | C13: All inputs (yellow) + code tables - CHANGE ONLY HERE
B14: Section | C14: ISA 50x50x5 properties, unsymmetric-bending modulus
B15: Geometry | C15: Bolt-centre frame, positions, constants
... B27: Notes | C27: Observations on drawing, assumptions, exclusions
B29: Colour code
B30: Input (editable)
B31: PASS
B32: FAIL
B34: Overall status | C34: ="Maximum utilisation "&TEXT(MAX(Summary!G19:G52),"0.000")&" | failed checks: "&COUNTIF(Summary!H19:H52,"FAIL")&" | overall: "&Summary!G57 -> Maximum utilisation 0.929 | failed checks: 0 | overall: REVIEW

Sheet Summary
A1: 0 DESIGN SUMMARY - 45 kWp ballast-type rooftop MMS, CDSCO Hyderabad
A2: All cells are live formulas linked to the calculation sheets. Units: N, mm unless stated. PASS = utilisation <= 1.0
B4: KEY RESULTS
B5: Tilt angle | D5: =g_tilt_deg -> 10.115443 | E5: deg
B6: Design wind pressure pd | D6: =w_pd -> 0.90999516 | E6: kN/m2
B7: Uplift force per module (normal) | D7: =w_Nup/1000 -> 2.1274607 | E7: kN
B8: Downward force per module (normal) | D8: =w_Ndn/1000 -> 1.1867492 | E8: kN
B9: Governing ballast criterion | D9: =b_gov -> Sliding (friction)
B10: REQUIRED ballast block length (300 x 250 x L) | D10: =b_L_rnd -> 650 | E10: mm
B11: PROVIDED ballast block length | D11: =block_L -> 650 | E11: mm
B12: Weight of one block | D12: =b_massb -> 119.26606 | E12: kg
B13: Average roof load (ballast + array) | D13: =b_roof -> 1.8893295 | E13: kN/m2
B14: Max J-bolt tension (factored) | D14: =a_T/1000 -> 1.4684666 | E14: kN
B15: REQUIRED M10 J-bolt length | D15: =a_M10_Ltot -> 140 | E15: mm
B16: REQUIRED M16 J-bolt length (BOM = 150) | D16: =a_M16_Ltot -> 150 | E16: mm
A18: # | B18: Check | C18: Clause | D18: Demand | E18: Capacity | F18: Unit | G18: Utilisation | H18: Status
B19: Members
A20: 1 | B20: Vertical member - tension | C20: IS 800 cl 6.2, 6.3 | D20: =mk_vT_d -> 724.50211 | E20: =mk_vT_c -> 87230.091 | F20: N | G20: =mk_vT_ur -> 0.0083056444 | H20: =mk_vT_ok -> PASS
A21: 2 | B21: Vertical member - compression (single-bolt angle strut) | C21: IS 800 cl 7.1.2, 7.5.1.2, Table 12 | D21: =mk_vC_d -> 592.9695 | E21: =mk_vC_c -> 37025.67 | F21: N | G21: =mk_vC_ur -> 0.016015092 | H21: =mk_vC_ok -> PASS
A22: 3 | B22: Inclined member - tension + bending | C22: IS 800 cl 9.3.1 | D22: =mk_iT_d -> 0.11113324 | E22: =mk_iT_c -> 1 | F22: ratio | G22: =mk_iT_ur -> 0.11113324 | H22: =mk_iT_ok -> PASS
A23: 4 | B23: Inclined member - compression + bending | C23: IS 800 cl 9.3.2 | D23: =mk_iC_d -> 0.11556868 | E23: =mk_iC_c -> 1 | F23: ratio | G23: =mk_iC_ur -> 0.11556868 | H23: =mk_iC_ok -> PASS
A24: 5 | B24: Inclined member - shear | C24: IS 800 cl 8.4 | D24: =mk_iV_d -> 718.96607 | E24: =mk_iV_c -> 32803.993 | F24: N | G24: =mk_iV_ur -> 0.02191703 | H24: =mk_iV_ok -> PASS
A25: 6 | B25: Base member - axial + bending at J-bolt sections | C25: IS 800 cl 9.3, 8.2 | D25: =mk_bS_d -> 0.2080202 | E25: =mk_bS_c -> 1 | F25: ratio | G25: =mk_bS_ur -> 0.2080202 | H25: =mk_bS_ok -> PASS
A26: 7 | B26: Base member - axial + bending at mid-span | C26: IS 800 cl 9.3, 8.2 | D26: =mk_bM_d -> 0.094602859 | E26: =mk_bM_c -> 1 | F26: ratio | G26: =mk_bM_ur -> 0.094602859 | H26: =mk_bM_ok -> PASS
A27: 8 | B27: Base member - shear | C27: IS 800 cl 8.4 | D27: =mk_bV_d -> 763.46653 | E27: =mk_bV_c -> 32803.993 | F27: N | G27: =mk_bV_ur -> 0.023273586 | H27: =mk_bV_ok -> PASS
B28: Connections
A29: 9 | B29: M10 bolt, base-vertical (joint A) | C29: IS 800 cl 10.3.3-10.3.6 | D29: =ck_A_d -> 0.047122089 | E29: =ck_A_c -> 1 | F29: ratio | G29: =ck_A_ur -> 0.047122089 | H29: =ck_A_ok -> PASS
A30: 10 | B30: M10 bolt, vertical-inclined (joint B) | C30: IS 800 cl 10.3.3-10.3.6 | D30: =ck_B_d -> 0.047122089 | E30: =ck_B_c -> 1 | F30: ratio | G30: =ck_B_ur -> 0.047122089 | H30: =ck_B_ok -> PASS
A31: 11 | B31: M12 bolt, base-inclined (joint C) | C31: IS 800 cl 10.3.3-10.3.6 | D31: =ck_C_d -> 0.039681299 | E31: =ck_C_c -> 1 | F31: ratio | G31: =ck_C_ur -> 0.039681299 | H31: =ck_C_ok -> PASS
A32: 12 | B32: M8 SS bolt, module-inclined | C32: IS 800 cl 10.3.3-10.3.6 | D32: =ck_M_d -> 0.039821603 | E32: =ck_M_c -> 1 | F32: ratio | G32: =ck_M_ur -> 0.039821603 | H32: =ck_M_ok -> PASS
B33: Ballast stability (per frame)
A34: 13 | B34: Global uplift | C34: IS 800 Table 4 (0.9DL + 1.5WL) | D34: =bk_up_d -> 1570.7934 | E34: =bk_up_c -> 2325.1223 | F34: N | G34: =bk_up_ur -> 0.67557454 | H34: =bk_up_ok -> PASS
A35: 14 | B35: Sliding / horizontal movement - wind uplift case | C35: IS 800 Table 4; friction mu | D35: =bk_sl_d -> 280.23776 | E35: =bk_sl_c -> 301.73155 | F35: N | G35: =bk_sl_ur -> 0.9287652 | H35: =bk_sl_ok -> PASS
A36: 15 | B36: Overturning - wind uplift case | C36: IS 800 Table 4 | D36: =bk_ot_d -> 888727.53 | E36: =bk_ot_c -> 1161631.5 | F36: N.mm | G36: =bk_ot_ur -> 0.76506838 | H36: =bk_ot_ok -> PASS
A37: 16 | B37: Per-block uplift (J-bolt reactions) | C37: IS 800 Table 4 | D37: =bk_bl_d -> 694.333 | E37: =bk_bl_c -> 1053 | F37: N | G37: =bk_bl_ur -> 0.65938556 | H37: =bk_bl_ok -> PASS
A38: 17 | B38: Sliding - downward wind | C38: IS 800 Table 4 | D38: =bk_sd_d -> 156.32342 | E38: =bk_sd_c -> 1900.5722 | F38: N | G38: =bk_sd_ur -> 0.082250716 | H38: =bk_sd_ok -> PASS
A39: 18 | B39: Overturning - downward wind | C39: IS 800 Table 4 | D39: =bk_od_d -> 0 | E39: =bk_od_c -> 1939151.3 | F39: N.mm | G39: =bk_od_ur -> 0 | H39: =bk_od_ok -> PASS
A40: 19 | B40: Sliding - seismic | C40: IS 1893-1:2016; IS 800 Table 4 | D40: =bk_se_d -> 387.52038 | E40: =bk_se_c -> 930.04891 | F40: N | G40: =bk_se_ur -> 0.41666667 | H40: =bk_se_ok -> PASS
A41: 20 | B41: Overturning - seismic | C41: IS 1893-1:2016; IS 800 Table 4 | D41: =bk_oe_d -> 58271.844 | E41: =bk_oe_c -> 1161631.5 | F41: N.mm | G41: =bk_oe_ur -> 0.050163794 | H41: =bk_oe_ok -> PASS
B42: J-bolt anchorage
A43: 21 | B43: M16 J-bolt tension | C43: IS 800 cl 10.3.5 | D43: =ak_M16_T_d -> 1468.4666 | E43: =ak_M16_T_c -> 90432 | F43: N | G43: =ak_M16_T_ur -> 0.016238351 | H43: =ak_M16_T_ok -> PASS
A44: 22 | B44: M16 J-bolt shear+tension | C44: IS 800 cl 10.3.6 | D44: =ak_M16_C_d -> 0.00027709168 | E44: =ak_M16_C_c -> 1 | F44: ratio | G44: =ak_M16_C_ur -> 0.00027709168 | H44: =ak_M16_C_ok -> PASS
A45: 23 | B45: M16 bond + hook pull-out | C45: IS 456 cl 26.2.1, 26.2.2.1 | D45: =ak_M16_B_d -> 1468.4666 | E45: =ak_M16_B_c -> 21473.414 | F45: N | G45: =ak_M16_B_ur -> 0.068385332 | H45: =ak_M16_B_ok -> PASS
A46: 24 | B46: M10 J-bolt tension | C46: IS 800 cl 10.3.5 | D46: =ak_M10_T_d -> 1468.4666 | E46: =ak_M10_T_c -> 33408 | F46: N | G46: =ak_M10_T_ur -> 0.043955536 | H46: =ak_M10_T_ok -> PASS
A47: 25 | B47: M10 J-bolt shear+tension | C47: IS 800 cl 10.3.6 | D47: =ak_M10_C_d -> 0.0019664127 | E47: =ak_M10_C_c -> 1 | F47: ratio | G47: =ak_M10_C_ur -> 0.0019664127 | H47: =ak_M10_C_ok -> PASS
A48: 26 | B48: M10 bond + hook pull-out | C48: IS 456 cl 26.2.1, 26.2.2.1 | D48: =ak_M10_B_d -> 1468.4666 | E48: =ak_M10_B_c -> 9801.7691 | F48: N | G48: =ak_M10_B_ur -> 0.14981648 | H48: =ak_M10_B_ok -> PASS
B49: Serviceability
A50: 27 | B50: Inclined member deflection | C50: IS 800 cl 5.6.1, Table 6 | D50: =dk_inc_d -> 0.40689742 | E50: =dk_inc_c -> 6.4756584 | F50: mm | G50: =dk_inc_ur -> 0.062834911 | H50: =dk_inc_ok -> PASS
A51: 28 | B51: Base overhang A deflection | C51: IS 800 Table 6 (assumed) | D51: =dk_A_d -> 0.063268993 | E51: =dk_A_c -> 1.6388889 | F51: mm | G51: =dk_A_ur -> 0.038604809 | H51: =dk_A_ok -> PASS
A52: 29 | B52: Base overhang C deflection | C52: IS 800 Table 6 (assumed) | D52: =dk_C_d -> 0.062584121 | E52: =dk_C_c -> 1.6666667 | F52: mm | G52: =dk_C_ur -> 0.037550472 | H52: =dk_C_ok -> PASS
B54: Maximum utilisation (all checks) | G54: =MAX(G19:G52) -> 0.9287652
B55: Number of FAILED checks | G55: =COUNTIF(H19:H52,"FAIL") -> 0
B56: Edge/end-distance checks failed (Connections sheet) | G56: =IF(ed0_ok="FAIL",1,0)+IF(ed1_ok="FAIL",1,0)+IF(ed2_ok="FAIL",1,0)+IF(ed3_ok="FAIL",1,0)+IF(ed4_ok="FAIL",1,0)+IF(ed5_ok="FAIL",1,0)+IF(ed6_ok="FAIL",1,0) -> 1
B57: OVERALL | G57: =IF(G55+G56=0,"PASS","REVIEW") -> REVIEW | H57: see Notes O1 (Ø18 hole edge distance)

Sheet Revision
A1: REVISION R1 - module dead load applied as UDL on the rafters (client comment)
B3: Client comment
B4: Since no purlins are provided in the proposed MMS arrangement and the PV modules are directly supported by the rafters, the module self-weight shall not be considered as concentrated/point loads at the joints. Revise the STAAD model by applying the module dead load as an appropriate UDL on the supporting rafters based on the actual module dimensions, support arrangement and tributary length. Revise the structural analysis/design and load calculations accordingly.
B6: Response
B7: 1. Module dead load is now a UDL on each rafter over the module contact length: w = (Wm / (L x W)) x (L/2) = Wm / (2 W). Module 2279 x 1134 mm, 29.1 kg -> 0.1105 kN/m2; tributary width per rafter = 1139.5 mm (2 rafters at 1400 c/c, 439.5 mm overhang each side carried by the module); contact length along the rafter = 1134 mm (centred on the 4 module bolts, inside the rafter's physical length). w = 0.1259 kN/m (see sheet Loads, rows l_pm .. l_udl_chk).
B8: 2. Rafter self-weight is also a UDL (previously lumped at the bolts). Seismic mass of module and rafter follows the same UDL.
B9: 3. STAAD: two extra nodes (Pa, Pb) mark the contact zone; UNI GY loads on members 8-11 (module) and 7-12 (rafter). Statics, member checks, connection, deflection and the module-bolt demand rows were revised; analysis rows now carry the UDL zones with an exact zero-shear peak moment.
B10: 4. Module WIND: transferred to the rafter through the 4 M8 module bolts (point loads at the bolts, wind_mode 0 - unchanged from R0). The bounding alternative with wind also applied as a UDL (wind_mode 1) is available at one input cell and reported in the report; both satisfy every check.
B11: 5. Ballast, J-bolt and base-member results are unchanged because the resultant and its line of action are unchanged: only the rafter itself is affected.
B13: Quantity | C13: R0 (point loads at module bolts) | D13: R1 (UDL, live from this workbook) | E13: R1 / R0 | F13: Comment
B14: Module dead load on rafter (N/mm) | C14: 2 x Wm/4 point loads | D14: =l_udl_m -> 0.12586905 | F14: UDL over 1134 mm
B15: Rafter max |M|, strength combinations (N.m) | C15: 28.195359 | D15: =m_iM/1000 -> 58.726616 | E15: =D15/C15 -> 2.0828469 | F15: governs rafter bending; combo C1
B16: Rafter N+M utilisation (tension) cl 9.3.1 | C16: 0.053977024 | D16: =mk_iT_ur -> 0.11113324 | E16: =D16/C16 -> 2.058899 | F16: PASS
B17: Rafter N+M utilisation (compression) | C17: 0.058412709 | D17: =mk_iC_ur -> 0.11556868 | E17: =D17/C17 -> 1.9784852 | F17: PASS
B18: Rafter shear utilisation | C18: 0.021797452 | D18: =mk_iV_ur -> 0.02191703 | E18: =D18/C18 -> 1.0054859
B19: Rafter deflection, service (mm) | C19: 0.20035402 | D19: =MAX(d_inc_S1,d_inc_S2) -> 0.40689742 | E19: =D19/C19 -> 2.0308922 | F19: limit L/180 = 6.48 mm
B20: M8 module-bolt utilisation | C20: 0.038715096 | D20: =ck_M_ur -> 0.039821603 | E20: =D20/C20 -> 1.0285808 | F20: bolt load path unchanged
B21: Max J-bolt tension, factored (N) | C21: 1468.5202 | D21: =a_T -> 1468.4666 | E21: =D21/C21 -> 0.99996346
B22: Reaction J1, combination C2 (N) | C22: -1468.5202 | D22: =Combos!$E$56 -> -1468.4666 | E22: =D22/C22 -> 0.99996346
B23: Reaction J4, combination C2 (N) | C23: -1396.1036 | D23: =Combos!$E$59 -> -1396.1577 | E23: =D23/C23 -> 1.0000388
B24: Required block length, 300x250 section (mm) | C24: 633.41529 | D24: =b_L_req -> 633.41529 | E24: =D24/C24 -> 1 | F24: sliding governs - unchanged
B25: Sliding utilisation, provided 650 mm | C25: 0.9287652 | D25: =bk_sl_ur -> 0.9287652 | E25: =D25/C25 -> 1
B26: Overturning utilisation | C26: 0.76506742 | D26: =bk_ot_ur -> 0.76506838 | E26: =D26/C26 -> 1.0000013
B28: R0 values are static (from the issued R0 calculation, git tag R0); R1 values are live formulas.

Sheet Inputs
A1: 1 INPUTS - all design inputs (yellow = editable)
A2: Every other sheet is linked to these cells by name. Status: V = verified fact, I = inference/assumption (flagged in report).
A4: # | B4: Item | C4: Name | D4: Value | E4: Unit | F4: Formula / clause / basis | G4: Status | H4: Remarks
A5: Geometry - drawing AL-001 R0 (mm)
A6: 1 | B6: Base member length (ISA 50x50x5) | C6: base_len | D6: 1200 | E6: mm | F6: Drawing AL-001 sh.2 | G6: V
A7: 2 | B7: Base: end -> bolt to vertical member (A) | C7: base_end_A | D7: 27.5 | E7: mm | F7: Drawing AL-001 sh.2 | G7: V
A8: 3 | B8: Base: end -> bolt to inclined member (C) | C8: base_end_C | D8: 25 | E8: mm | F8: Drawing AL-001 sh.2 | G8: V
A9: 4 | B9: Vertical member length | C9: vert_len | D9: 249.72 | E9: mm | F9: Drawing AL-001 sh.2 | G9: V
A10: 5 | B10: Vertical: end -> bolt (both ends) | C10: vert_end | D10: 22.5 | E10: mm | F10: Drawing AL-001 sh.2 | G10: V
A11: 6 | B11: Inclined member length | C11: incl_len | D11: 1222.01 | E11: mm | F11: Drawing AL-001 sh.2 | G11: V
A12: 7 | B12: Inclined: end -> bolt at vertical member (B) | C12: incl_end_B | D12: 27.47 | E12: mm | F12: Drawing AL-001 sh.2 | G12: V
A13: 8 | B13: Inclined: end -> bolt at base member (C) | C13: incl_end_C | D13: 28.92 | E13: mm | F13: Drawing AL-001 sh.2 | G13: V
A14: 9 | B14: Inclined: end -> module slot (both ends) | C14: slot_end | D14: 67 | E14: mm | F14: Drawing AL-001 sh.2 | G14: V
A15: 10 | B15: Module slot c/c as drawn (cross-check) | C15: slot_cc_dwg | D15: 1088 | E15: mm | F15: Drawing AL-001 sh.2 | G15: V
A16: 11 | B16: Base: end -> first J-bolt hole (both ends) | C16: J_off | D16: 175 | E16: mm | F16: Drawing AL-001 sh.2 | G16: V
A17: 12 | B17: J-bolt spacing within one block | C17: J_pair | D17: 150 | E17: mm | F17: Drawing AL-001 sh.1/2 | G17: V
... A25: 20 | B25: Module mid-plane offset from inclined-member bolt line | C25: e_mod | D25: 25 | E25: mm | F25: t_leg + t_mod/2 (assumed) | G25: I
A26: Module & layout
A27: 21 | B27: Module length | C27: mod_L | D27: 2279 | E27: mm | F27: 550 Wp mono-PERC datasheets (search) | G27: I
A28: 22 | B28: Module width | C28: mod_W | D28: 1134 | E28: mm | F28: 550 Wp mono-PERC datasheets (search) | G28: I
A29: 23 | B29: Module frame thickness | C29: mod_t | D29: 35 | E29: mm | F29: 550 Wp mono-PERC datasheets (search) | G29: I
A30: 24 | B30: Module weight | C30: mod_kg | D30: 29.1 | E30: kg | F30: Indosol 550 Wp datasheet (search summary, single source) | G30: I
A31: 25 | B31: Frame-to-frame spacing = module hole pitch (long side) | C31: frame_sp | D31: 1400 | E31: mm | F31: Datasheet hole pitch 1400; slot geometry matches | G31: I
A32: 26 | B32: Module wind transfer to rafter: 0 = at the 4 module bolts (point loads); 1 = UDL over module contact length | C32: wind_mode | D32: 0 | E32: 0/1 | F32: Design choice (R1); alt run provided | G32: I
A33: Wind - IS 875 (Part 3)
A34: 27 | B34: Basic wind speed, Hyderabad | C34: Vb | D34: 44 | E34: m/s | F34: IS 875-3 Annex A (search-confirmed) | G34: V
A35: 28 | B35: Risk coefficient, 25-yr life (house value from issued ground-mount jobs) | C35: k1_risk | D35: 0.91 | E35: - | F35: Skill template; IS 875-3 Table 1 | G35: I
A36: 29 | B36: Terrain category (2 conservative; 3 = dense urban) | C36: terrain | D36: 2 | E36: cat | F36: Assumed - conservative | G36: I
A37: 30 | B37: Topography factor | C37: k3_topo | D37: 1 | E37: - | F37: IS 875-3 cl 6.3.3 | G37: I
A38: 31 | B38: Cyclonic importance factor (non-cyclonic) | C38: k4_imp | D38: 1 | E38: - | F38: IS 875-3 cl 6.3.4 | G38: I
A39: 32 | B39: Wind directionality factor | C39: Kd_dir | D39: 0.9 | E39: - | F39: IS 875-3 cl 7.2.1 (search-confirmed) | G39: V
A40: 33 | B40: Area averaging factor (A <= 10 m2) | C40: Ka_area | D40: 1 | E40: - | F40: IS 875-3 cl 7.2.2 (search-confirmed) | G40: V
A41: 34 | B41: Combination factor (net Cp used, so 1.0) | C41: Kc_comb | D41: 1 | E41: - | F41: House practice | G41: I
A42: 35 | B42: Roof level above ground (3-storey bldg, assumed) | C42: z_bldg | D42: 12 | E42: m | F42: Assumed | G42: I
A43: Seismic - IS 1893 (Part 1):2016
A44: 36 | B44: Zone factor, Hyderabad = Zone II | C44: Zf | D44: 0.1 | E44: - | F44: IS 1893-1:2016 Table 3 (recall) | G44: I
A45: 37 | B45: Importance factor | C45: I_imp | D45: 1 | E45: - | F45: Assumed | G45: I
A46: 38 | B46: Sa/g (rigid, T < 0.4 s) | C46: SaG | D46: 2.5 | E46: - | F46: IS 1893-1:2016 cl 6.4.2 (recall) | G46: I
A47: 39 | B47: Component response reduction (ap=1) | C47: Rp | D47: 2.5 | E47: - | F47: ASCE-type form; IS clause not retrievable offline | G47: I
A48: 40 | B48: z/h of attachment (roof level) | C48: zh | D48: 1 | E48: - | F48: Roof-mounted | G48: V
A49: Steel & bolts - IS 800:2007
A50: 41 | B50: Yield strength, IS 2062 E250, t<=20 | C50: fy | D50: 250 | E50: MPa | F50: IS 2062 (assumed grade) | G50: I
A51: 42 | B51: Ultimate strength | C51: fu | D51: 410 | E51: MPa | F51: IS 2062 E250 | G51: I
A52: 43 | B52: Young's modulus | C52: Es | D52: 200000 | E52: MPa | F52: IS 800 cl 2.2.4.1 | G52: V
A53: 44 | B53: Partial factor, yielding | C53: gamma_m0 | D53: 1.1 | E53: - | F53: IS 800 Table 5 | G53: V
A54: 45 | B54: Partial factor, ultimate | C54: gamma_m1 | D54: 1.25 | E54: - | F54: IS 800 Table 5 | G54: V
A55: 46 | B55: Partial factor, bolts | C55: gamma_mb | D55: 1.25 | E55: - | F55: IS 800 Table 5 | G55: V
A56: 47 | B56: Unit weight of steel | C56: gam_s | D56: 78.5 | E56: kN/m3 | F56: IS 875-1 Table 1 | G56: V
A57: 48 | B57: Gravity | C57: gacc | D57: 9.81 | E57: m/s2 | F57: - | G57: V
A58: 49 | B58: Bolt class 8.8 fub | C58: fub88 | D58: 800 | E58: MPa | F58: IS 1367 / IS 800 | G58: V
A59: 50 | B59: Bolt class 8.8 fyb | C59: fyb88 | D59: 640 | E59: MPa | F59: IS 1367 / IS 800 | G59: V
A60: 51 | B60: SS-304 bolt, class A2-70 fub (BOM gives no class) | C60: fub_ss | D60: 700 | E60: MPa | F60: ISO 3506-1 (assumed class) | G60: I
A61: 52 | B61: SS-304 bolt, class A2-70 fyb | C61: fyb_ss | D61: 450 | E61: MPa | F61: ISO 3506-1 (assumed class) | G61: I
... A66: 57 | B66: Deflection limit = L/180 (brittle glass cladding) | C66: defl_div | D66: 180 | E66: - | F66: IS 800 Table 6 (recall) | G66: I
A67: Concrete / ballast - IS 875-1, IS 456
A68: 58 | B68: Unit weight of plain concrete | C68: gam_c | D68: 24 | E68: kN/m3 | F68: IS 875-1 Table 1 | G68: V
A69: 59 | B69: Block concrete grade (M20) | C69: fck | D69: 20 | E69: MPa | F69: Assumed | G69: I
A70: 60 | B70: Friction coeff. concrete block / roof surface | C70: mu_f | D70: 0.4 | E70: - | F70: SEAOC PV2 conservative value (search) | G70: I
A71: 61 | B71: DL factor when stabilising | C71: dl_stab | D71: 0.9 | E71: - | F71: IS 800 Table 4 (search-confirmed) | G71: V
A72: 62 | B72: Wind/EQ load factor with stabilising DL | C72: ll_fac | D72: 1.5 | E72: - | F72: IS 800 Table 4 | G72: V
A74: Code tables (used by interpolation formulas)
B75: IS 875-3 Table 7 mono-slope free roof, solidity 0 | D75: angle (deg) | E75: Cp down | F75: Cp uplift
D76: 0 | E76: 0.2 | F76: -0.5
D77: 5 | E77: 0.4 | F77: -0.7
D78: 10 | E78: 0.5 | F78: -0.9
D79: 15 | E79: 0.7 | F79: -1.1
D80: 20 | E80: 0.8 | F80: -1.3
D81: 25 | E81: 1 | F81: -1.6
D82: 30 | E82: 1.2 | F82: -1.8
B84: IS 875-3 Table 2 k2 (Cat 2 verified at 10 m; others recalled) | D84: height (m) | E84: Cat 2 | F84: Cat 3
D85: 10 | E85: 1 | F85: 0.91
D86: 15 | E86: 1.05 | F86: 0.97
D87: 20 | E87: 1.07 | F87: 1.01
B89: IS 456 Table 26.2.1.1 design bond stress, plain bars, tension | D89: fck (MPa) | E89: tau_bd
D90: 20 | E90: 1.2
D91: 25 | E91: 1.4
D92: 30 | E92: 1.5
D93: 35 | E93: 1.7
D94: 40 | E94: 1.9

Sheet Section
A1: 2 SECTION - ISA 50x50x5 (IS 808)
A2: Properties from exact polygon integration incl. root r1=7 / toe r2=3.5 (calc/section_isa.py); agree with IS 808 catalogue to <1%.
A4: # | B4: Item | C4: Name | D4: Value | E4: Unit | F4: Formula / clause / basis | G4: Status | H4: Remarks
A5: Section properties (heel at origin; horizontal leg along +x, vertical leg along +y)
A6: 1 | B6: Area | C6: sec_A | D6: 480.3 | E6: mm2 | F6: computed - exact polygon integration | G6: I
A7: 2 | B7: Centroid distance from back of each leg | C7: sec_cx | D7: 14.04 | E7: mm | F7: computed - exact polygon integration | G7: I
A8: 3 | B8: Ixx (axis // horizontal leg) | C8: sec_Ixx | D8: 109643 | E8: mm4 | F8: computed - exact polygon integration | G8: I
A9: 4 | B9: Iyy (axis // vertical leg) | C9: sec_Iyy | D9: 109643 | E9: mm4 | F9: computed - exact polygon integration | G9: I
A10: 5 | B10: Product of inertia Ixy | C10: sec_Ixy | D10: -64173 | E10: mm4 | F10: computed - exact polygon integration | G10: I
A11: 6 | B11: Leg length | C11: sec_b | D11: 50 | E11: mm | F11: computed - exact polygon integration | G11: I
A12: 7 | B12: Thickness | C12: sec_t | D12: 5 | E12: mm | F12: computed - exact polygon integration | G12: I
A13: 8 | B13: Root radius | C13: sec_r1 | D13: 7 | E13: mm | F13: computed - exact polygon integration | G13: I
A14: 9 | B14: Toe radius | C14: sec_r2 | D14: 3.5 | E14: mm | F14: computed - exact polygon integration | G14: I
A15: Derived
A16: 10 | B16: Iuu (major principal) | C16: sec_Iuu | D16: =(sec_Ixx+sec_Iyy)/2+SQRT(((sec_Ixx-sec_Iyy)/2)^2+sec_Ixy^2) -> 173816 | E16: mm4 | F16: Mohr's circle
A17: 11 | B17: Ivv (minor principal) | C17: sec_Ivv | D17: =(sec_Ixx+sec_Iyy)/2-SQRT(((sec_Ixx-sec_Iyy)/2)^2+sec_Ixy^2) -> 45470 | E17: mm4 | F17: Mohr's circle
A18: 12 | B18: ruu | C18: sec_ruu | D18: =SQRT(sec_Iuu/sec_A) -> 19.023419 | E18: mm
A19: 13 | B19: rvv (min radius of gyration) | C19: sec_rvv | D19: =SQRT(sec_Ivv/sec_A) -> 9.7298509 | E19: mm
A20: 14 | B20: Mass per metre (gamma_s=78.5 kN/m3) | C20: sec_mass | D20: =sec_A*0.000001*gam_s/gacc*1000 -> 3.8433792 | E20: kg/m | F20: catalogue 3.77-3.8
A21: 15 | B21: D = Ixx*Iyy - Ixy^2 | C21: sec_D | D21: =sec_Ixx*sec_Iyy-sec_Ixy^2 -> 7903413520 | E21: mm8
A22: 16 | B22: I_eff: in-plane stiffness, section free to deflect sideways | C22: sec_Ieff | D22: =sec_D/sec_Iyy -> 72083.156 | E22: mm4 | F22: angle loaded in plane of legs -> oblique deflection | H22: Used for deflections and STAAD IZ
A23: Elastic modulus for in-plane bending (unsymmetric bending) - stress/unit M = (Iyy*y - Ixy*x)/D at each vertex
B24: vertex | C24: x (mm) | D24: y (mm) | E24: x-cx | F24: y-cy | G24: s=sigma/M gross | H24: Z=1/|s|
B25: heel | C25: =0 -> 0 | D25: =0 -> 0 | E25: =C25-sec_cx -> -14.04 | F25: =D25-sec_cx -> -14.04 | G25: =(sec_Iyy*F25-sec_Ixy*E25)/sec_D -> -0.00030877502 | H25: =1/ABS(G25) -> 3238.604 | I25: =(sec_Iyy_n*F25-sec_Ixy_n*E25)/sec_D_n -> -0.00030552698 | J25: =1/ABS(I25) -> 3273.0334
B26: toe-h bottom | C26: =sec_b -> 50 | D26: =0 -> 0 | E26: =C26-sec_cx -> 35.96 | F26: =D26-sec_cx -> -14.04 | G26: =(sec_Iyy*F26-sec_Ixy*E26)/sec_D -> 9.720779e-05 | H26: =1/ABS(G26) -> 10287.241 | I26: =(sec_Iyy_n*F26-sec_Ixy_n*E26)/sec_D_n -> 7.4972221e-05 | J26: =1/ABS(I26) -> 13338.274
B27: toe-h top | C27: =sec_b -> 50 | D27: =sec_t -> 5 | E27: =C27-sec_cx -> 35.96 | F27: =D27-sec_cx -> -9.04 | G27: =(sec_Iyy*F27-sec_Ixy*E27)/sec_D -> 0.00016657212 | H27: =1/ABS(G27) -> 6003.4055 | I27: =(sec_Iyy_n*F27-sec_Ixy_n*E27)/sec_D_n -> 0.00014572821 | J27: =1/ABS(I27) -> 6862.0896
B28: inner corner | C28: =sec_t -> 5 | D28: =sec_t -> 5 | E28: =C28-sec_cx -> -9.04 | F28: =D28-sec_cx -> -9.04 | G28: =(sec_Iyy*F28-sec_Ixy*E28)/sec_D -> -0.0001988124 | H28: =1/ABS(G28) -> 5029.8673 | I28: =(sec_Iyy_n*F28-sec_Ixy_n*E28)/sec_D_n -> -0.00019672108 | J28: =1/ABS(I28) -> 5083.3394
B29: toe-v inner | C29: =sec_t -> 5 | D29: =sec_b -> 50 | E29: =C29-sec_cx -> -9.04 | F29: =D29-sec_cx -> 35.96 | G29: =(sec_Iyy*F29-sec_Ixy*E29)/sec_D -> 0.00042546658 | H29: =1/ABS(G29) -> 2350.3608 | I29: =(sec_Iyy_n*F29-sec_Ixy_n*E29)/sec_D_n -> 0.00044008279 | J29: =1/ABS(I29) -> 2272.2997
B30: toe-v outer | C30: =0 -> 0 | D30: =sec_b -> 50 | E30: =C30-sec_cx -> -14.04 | F30: =D30-sec_cx -> 35.96 | G30: =(sec_Iyy*F30-sec_Ixy*E30)/sec_D -> 0.0003848683 | H30: =1/ABS(G30) -> 2598.2914 | I30: =(sec_Iyy_n*F30-sec_Ixy_n*E30)/sec_D_n -> 0.00040203287 | J30: =1/ABS(I30) -> 2487.3588
A31: 17 | B31: Z_eff gross = MIN(Z) | C31: sec_Zg | D31: =MIN(H25:H30) -> 2350.3608 | E31: mm3 | F31: critical fibre over all vertices, either moment sign
A32: Net section at J-bolt hole (hole in horizontal leg; centroid shift neglected)
A33: 18 | B33: Hole area = d0_J * t | C33: sec_Ah | D33: =d0_J*sec_t -> 90 | E33: mm2
A34: 19 | B34: Hole centre x from centroid | C34: sec_xh | D34: =J_gauge-sec_cx -> 13.46 | E34: mm
A35: 20 | B35: Hole centre y from centroid | C35: sec_yh | D35: =sec_t/2-sec_cx -> -11.54 | E35: mm
A36: 21 | B36: Ixx net | C36: sec_Ixx_n | D36: =sec_Ixx-sec_Ah*sec_yh^2 -> 97657.556 | E36: mm4
A37: 22 | B37: Iyy net | C37: sec_Iyy_n | D37: =sec_Iyy-sec_Ah*sec_xh^2 -> 93337.556 | E37: mm4
A38: 23 | B38: Ixy net | C38: sec_Ixy_n | D38: =sec_Ixy-sec_Ah*sec_xh*sec_yh -> -50193.444 | E38: mm4
A39: 24 | B39: D net | C39: sec_D_n | D39: =sec_Ixx_n*sec_Iyy_n-sec_Ixy_n^2 -> 6.5957358e+09 | E39: mm8
A40: 25 | B40: Z_eff net (at J-bolt sections) = MIN(Z net) | C40: sec_Zn | D40: =MIN(J25:J30) -> 2272.2997 | E40: mm3

Sheet Geometry
A1: 3 GEOMETRY - bolt-centre frame from drawing AL-001 R0
A2: Origin at joint A (base-vertical bolt), x along base, y up from ROOF surface. All STAAD nodes derive from here.
A4: # | B4: Item | C4: Name | D4: Value | E4: Unit | F4: Formula / clause / basis | G4: Status | H4: Remarks
A5: Frame triangle A-B-C (bolt centres)
A6: 1 | B6: A-C: base bolt c/c | C6: g_AC | D6: =base_len-base_end_A-base_end_C -> 1147.5 | E6: mm | F6: 1200-27.5-25 | G6: V
A7: 2 | B7: A-B: vertical member bolt c/c | C7: g_AB | D7: =vert_len-2*vert_end -> 204.72 | E7: mm | F7: 249.72-2*22.5 | G7: V
A8: 3 | B8: B-C: inclined member bolt c/c AS DRAWN | C8: g_BCdwg | D8: =incl_len-incl_end_B-incl_end_C -> 1165.62 | E8: mm | F8: 1222.01-27.47-28.92 | G8: V
A9: 4 | B9: B-C working length = hypot(AC, AB) | C9: g_BC | D9: =SQRT(g_AC^2+g_AB^2) -> 1165.6185 | E9: mm | F9: triangle closes exactly (R1: removes 1.3e-6 rounding inconsistency) | G9: V
A10: 5 | B10: Closure check working - drawn B-C (must be ~0) | C10: g_closure | D10: =g_BC-g_BCdwg -> -0.0014824738 | E10: mm | F10: drawn dims close the triangle to 0.002 mm | G10: V
A11: 6 | B11: Tilt angle | C11: g_tilt | D11: =ATAN(g_AB/g_AC) -> 0.17654779 | E11: rad | F11: atan(AB/AC) | G11: V
A12: 7 | B12: Tilt angle | C12: g_tilt_deg | D12: =DEGREES(g_tilt) -> 10.115443 | E12: deg | F12: NOT atan(250/1200)=11.77 (ignores hole offsets) | G12: V
A13: 8 | B13: cos(tilt) | C13: g_cos | D13: =COS(g_tilt) -> 0.98445588 | E13: -
A14: 9 | B14: sin(tilt) | C14: g_sin | D14: =SIN(g_tilt) -> 0.17563208 | E14: -
A15: Positions along base member (x from A)
A16: 10 | B16: J-bolt 1 | C16: g_J1 | D16: =J_off-base_end_A -> 147.5 | E16: mm | F16: 175-27.5 | G16: V
A17: 11 | B17: J-bolt 2 | C17: g_J2 | D17: =g_J1+J_pair -> 297.5 | E17: mm | G17: V
A18: 12 | B18: J-bolt 3 | C18: g_J3 | D18: =g_J2+J_mid -> 847.5 | E18: mm | G18: V
A19: 13 | B19: J-bolt 4 | C19: g_J4 | D19: =g_J3+J_pair -> 997.5 | E19: mm | G19: V
A20: 14 | B20: Check: drawing symmetric 175+150+550+150+175 = base length | C20: g_Jchk | D20: =2*J_off+2*J_pair+J_mid-base_len -> 0 | E20: mm | F20: must be 0 | G20: V
A21: 15 | B21: Overhang A to J1 | C21: g_a1 | D21: =g_J1 -> 147.5 | E21: mm
A22: 16 | B22: Overhang J4 to C | C22: g_c2 | D22: =g_AC-g_J4 -> 150 | E22: mm
A23: 17 | B23: Span J1-J2 | C23: g_L1 | D23: =J_pair -> 150 | E23: mm
A24: 18 | B24: Span J2-J3 | C24: g_L2 | D24: =J_mid -> 550 | E24: mm
A25: 19 | B25: Span J3-J4 | C25: g_L3 | D25: =J_pair -> 150 | E25: mm
A26: 20 | B26: Block 1 centre | C26: g_xb1 | D26: =(g_J1+g_J2)/2 -> 222.5 | E26: mm
A27: 21 | B27: Block 2 centre | C27: g_xb2 | D27: =(g_J3+g_J4)/2 -> 922.5 | E27: mm | F27: c/c = 700 as drawn
A28: 22 | B28: Right toe of block 2 (overturning pivot, uplift) | C28: g_xpr | D28: =g_xb2+block_w/2 -> 1072.5 | E28: mm
A29: 23 | B29: Left toe of block 1 (pivot, downward wind) | C29: g_xpl | D29: =g_xb1-block_w/2 -> 72.5 | E29: mm
A30: Heights (y from roof surface) and module load points
A31: 24 | B31: Bolt line above roof = block height + gauge | C31: g_yA | D31: =block_h+bolt_h -> 277.5 | E31: mm | G31: I
A32: 25 | B32: Node B height | C32: g_yB | D32: =g_yA+g_AB -> 482.22 | E32: mm
A33: 26 | B33: Slot 1 distance from B along member | C33: g_s1 | D33: =slot_end-incl_end_B -> 39.53 | E33: mm | F33: 67-27.47 | G33: V
A34: 27 | B34: Slot 2 distance from C along member | C34: g_s2c | D34: =slot_end-incl_end_C -> 38.08 | E34: mm | F34: 67-28.92 | G34: V
A35: 28 | B35: Slot 2 distance from B along member | C35: g_s2 | D35: =g_BC-g_s2c -> 1127.5385 | E35: mm
A36: 29 | B36: Slot c/c (computed) | C36: g_slot_cc | D36: =g_s2-g_s1 -> 1088.0085 | E36: mm
A37: 30 | B37: Check vs drawn 1088 | C37: g_slot_chk | D37: =g_slot_cc-slot_cc_dwg -> 0.0085175262 | E37: mm | F37: 0.01 rounding | G37: V
A38: 31 | B38: S1 x | C38: g_S1x | D38: =g_s1*g_cos -> 38.915541 | E38: mm
A39: 32 | B39: S1 y | C39: g_S1y | D39: =g_yB-g_s1*g_sin -> 475.27726 | E39: mm
A40: 33 | B40: S2 x | C40: g_S2x | D40: =g_s2*g_cos -> 1110.0119 | E40: mm
A41: 34 | B41: S2 y | C41: g_S2y | D41: =g_yB-g_s2*g_sin -> 284.18807 | E41: mm
A42: Module contact zone on the rafter (module rests DIRECTLY on the rafter - no purlins)
A43: 35 | B43: Module centre along rafter from B (= mid of module bolts) | C43: g_sc | D43: =(g_s1+g_s2)/2 -> 583.53426 | E43: mm | F43: module centred on its 4 bolts | G43: I
A44: 36 | B44: Module contact length along rafter = module width | C44: g_Lm | D44: =mod_W -> 1134 | E44: mm | F44: module lies parallel to the rafter | G44: V
A45: 37 | B45: Contact zone starts (from B) | C45: g_sa | D45: =g_sc-g_Lm/2 -> 16.534259 | E45: mm | G45: I
A46: 38 | B46: Contact zone ends (from B) | C46: g_sb | D46: =g_sc+g_Lm/2 -> 1150.5343 | E46: mm | G46: I
A47: 39 | B47: Zone lies within rafter physical length? | C47: g_zone_ok | D47: =IF(AND(g_sa>=-incl_end_B,g_sb<=g_BC+incl_end_C),"PASS","FAIL") -> PASS | F47: -27.47 .. B-C + 28.92
A48: 40 | B48: Module overhang beyond each rafter (carried by the module itself) | C48: g_mod_ovh | D48: =(mod_L-frame_sp)/2 -> 439.5 | E48: mm | F48: (2279 - 1400)/2 | G48: I
A49: 41 | B49: Node M position (mid of module bolts) | C49: g_sM | D49: =g_sc -> 583.53426 | E49: mm
A50: 42 | B50: Pa = zone start: x | C50: g_Pax | D50: =g_sa*g_cos -> 16.277248 | E50: mm | F50: STAAD node 11
A51: 43 | B51: Pa: y | C51: g_Pay | D51: =g_yB-g_sa*g_sin -> 479.31605 | E51: mm
A52: 44 | B52: Pb = zone end: x | C52: g_Pbx | D52: =g_sb*g_cos -> 1132.6502 | E52: mm | F52: STAAD node 12
A53: 45 | B53: Pb: y | C53: g_Pby | D53: =g_yB-g_sb*g_sin -> 280.14928 | E53: mm
A54: 46 | B54: M: x | C54: g_Mx | D54: =g_sM*g_cos -> 574.46373 | E54: mm | F54: STAAD node 9
A55: 47 | B55: M: y | C55: g_My | D55: =g_yB-g_sM*g_sin -> 379.73267 | E55: mm
A56: 48 | B56: Wind resultant point x (module mid-plane, between slots) | C56: g_xQ | D56: =(g_S1x+g_S2x)/2+e_mod*g_sin -> 578.85453 | E56: mm | F56: normal offset e_mod | G56: I
A57: 49 | B57: Wind resultant point y | C57: g_yQ | D57: =(g_S1y+g_S2y)/2+e_mod*g_cos -> 404.34406 | E57: mm | G57: I
A58: Base-beam constants (three-moment equation, constant EI)
A59: 50 | B59: a11 = 2(L1+L2) | C59: g_a11 | D59: =2*(g_L1+g_L2) -> 1400 | E59: mm
A60: 51 | B60: a12 = L2 | C60: g_a12 | D60: =g_L2 -> 550 | E60: mm
A61: 52 | B61: a21 = L2 | C61: g_a21 | D61: =g_L2 -> 550 | E61: mm
A62: 53 | B62: a22 = 2(L2+L3) | C62: g_a22 | D62: =2*(g_L2+g_L3) -> 1400 | E62: mm
A63: 54 | B63: det = a11*a22 - a12*a21 | C63: g_det | D63: =g_a11*g_a22-g_a12*g_a21 -> 1657500 | E63: mm2
A64: 55 | B64: I_eff (from Section) | C64: g_Ieff | D64: =sec_Ieff -> 72083.156 | E64: mm4

Sheet Wind
A1: 4 WIND LOAD - IS 875 (Part 3)
A2: Vz = Vb k1 k2 k3 k4 ; pz = 0.6 Vz^2 ; pd = Kd Ka Kc pz ; F = Cp pd A (net Cp, Table 7 mono-slope free roof)
A4: # | B4: Item | C4: Name | D4: Value | E4: Unit | F4: Formula / clause / basis | G4: Status | H4: Remarks
A5: Design wind speed
A6: 1 | B6: Height of panel top above ground | C6: w_z | D6: =z_bldg+(g_yB+e_mod+mod_t/2)/1000 -> 12.52472 | E6: m | F6: roof level + panel top | G6: I
A7: 2 | B7: k2 terrain/height factor (interpolated, Table 2) | C7: w_k2 | D7: =INDEX(K2_tab,MIN(MATCH(MIN(MAX(w_z,10),20),K2_h,1),2),terrain-1)+(MIN(MAX(w_z,10),20)-INDEX(K2_h,MIN(MATCH(MIN(MAX(w_z,10),20),K2_h,1),2)))/(INDEX(K2_h,MIN(MATCH(MIN(MAX(w_z,10),20),K2_h,1),2)+1)-INDEX(K2_h,MIN(MATCH(MIN(MAX(w_z,10),20),K2_h,1),2)))*(INDEX(K2_tab,MIN(MATCH(MIN(MAX(w_z,10),20),K2_h,1),2)+1,terrain-1)-INDEX(K2_tab,MIN(MATCH(MIN(MAX(w_z,10),20),K2_h,1),2),terrain-1)) -> 1.0252472 | E7: - | F7: IS 875-3 cl 6.3.2, Table 2 (Cat 2 or 3) | G7: I
A8: 3 | B8: Design wind speed Vz | C8: w_Vz | D8: =Vb*k1_risk*w_k2*k3_topo*k4_imp -> 41.050898 | E8: m/s | F8: IS 875-3 cl 6.3 | G8: V
A9: 4 | B9: Wind pressure pz = 0.6 Vz^2 | C9: w_pz | D9: =0.6*w_Vz^2/1000 -> 1.0111057 | E9: kN/m2 | F9: IS 875-3 cl 7.2 | G9: V
A10: 5 | B10: Height<10 m reduction factor | C10: w_hf | D10: =IF(w_z<10,0.8,1) -> 1 | E10: - | F10: house rule; not applicable at roof level | G10: I
A11: 6 | B11: Design pressure pd = Kd Ka Kc pz (>= 0.7 pz) | C11: w_pd | D11: =MAX(Kd_dir*Ka_area*Kc_comb*w_pz*w_hf,0.7*w_pz) -> 0.90999516 | E11: kN/m2 | F11: IS 875-3 cl 7.2.1 | G11: V
A12: Pressure coefficients - Table 7, interpolated at tilt
A13: 7 | B13: Cp max (downward pressure) | C13: w_cp_dn | D13: =INDEX(T7_dn,MATCH(g_tilt_deg,T7_ang,1))+(g_tilt_deg-INDEX(T7_ang,MATCH(g_tilt_deg,T7_ang,1)))/(INDEX(T7_ang,MATCH(g_tilt_deg,T7_ang,1)+1)-INDEX(T7_ang,MATCH(g_tilt_deg,T7_ang,1)))*(INDEX(T7_dn,MATCH(g_tilt_deg,T7_ang,1)+1)-INDEX(T7_dn,MATCH(g_tilt_deg,T7_ang,1))) -> 0.50461772 | E13: - | F13: IS 875-3 Table 7 (house-verified values) | G13: V
A14: 8 | B14: Cp min (uplift suction) | C14: w_cp_up | D14: =INDEX(T7_up,MATCH(g_tilt_deg,T7_ang,1))+(g_tilt_deg-INDEX(T7_ang,MATCH(g_tilt_deg,T7_ang,1)))/(INDEX(T7_ang,MATCH(g_tilt_deg,T7_ang,1)+1)-INDEX(T7_ang,MATCH(g_tilt_deg,T7_ang,1)))*(INDEX(T7_up,MATCH(g_tilt_deg,T7_ang,1)+1)-INDEX(T7_up,MATCH(g_tilt_deg,T7_ang,1))) -> -0.90461772 | E14: - | F14: IS 875-3 Table 7 | G14: V
A15: Forces (normal to module)
A16: 9 | B16: Module area | C16: w_Amod | D16: =mod_L*mod_W/1000000 -> 2.584386 | E16: m2
A17: 10 | B17: Uplift force per module | C17: w_Nup | D17: =ABS(w_cp_up)*w_pd*w_Amod*1000 -> 2127.4607 | E17: N | F17: Cp pd A
A18: 11 | B18: Downward force per module | C18: w_Ndn | D18: =w_cp_dn*w_pd*w_Amod*1000 -> 1186.7492 | E18: N
A19: 12 | B19: Uplift per module bolt (÷4) | C19: w_Fn_u | D19: =w_Nup/4 -> 531.86518 | E19: N | F19: 4 bolts, equal share | G19: I
A20: 13 | B20: Downward per module bolt (÷4) | C20: w_Fn_d | D20: =w_Ndn/4 -> 296.68731 | E20: N | G20: I

Sheet Loads
A1: 5 DEAD & SEISMIC LOADS
A2: Loads per FRAME (2 frames per module). Member self-weights lumped as nodal loads (same in STAAD).
A4: # | B4: Item | C4: Name | D4: Value | E4: Unit | F4: Formula / clause / basis | G4: Status | H4: Remarks
A5: Dead load - IS 875 (Part 1)
A6: 1 | B6: Steel self-weight per mm of ISA 50x50x5 | C6: l_ws | D6: =sec_A*0.000001*gam_s -> 0.03770355 | E6: N/mm | F6: A * gamma_s (1 kN/m = 1 N/mm) | G6: V
A7: 2 | B7: Module weight | C7: l_Wm | D7: =mod_kg*gacc -> 285.471 | E7: N | G7: I
A8: 3 | B8: Base member weight | C8: l_Wbase | D8: =l_ws*base_len -> 45.24426 | E8: N
A9: 4 | B9: Vertical member weight | C9: l_Wv | D9: =l_ws*vert_len -> 9.4153305 | E9: N
A10: 5 | B10: Inclined member weight | C10: l_Winc | D10: =l_ws*incl_len -> 46.074115 | E10: N
A11: 6 | B11: Base stub weight beyond A | C11: l_stubA | D11: =l_ws*base_end_A -> 1.0368476 | E11: N | F11: lumped at A
A12: 7 | B12: Base stub weight beyond C | C12: l_stubC | D12: =l_ws*base_end_C -> 0.94258875 | E12: N | F12: lumped at C
A13: 8 | B13: Dead load per slot = Wm/4 + Winc/2 | C13: l_slotdl | D13: =l_Wm/4+l_Winc/2 -> 94.404808 | E13: N | F13: module 4 bolts; incl. member split to 2 slots
A14: R1 Module dead load as UDL on the rafter - tributary derivation (client comment: no purlins, module bears directly on rafters)
A15: 9 | B15: Module weight per unit area = Wm / (L x W) | C15: l_pm | D15: =l_Wm/(mod_L*mod_W) -> 0.00011045989 | E15: N/mm2 | F15: uniform over the module
A16: 10 | B16: same, in kN/m2 | C16: l_pm_kN | D16: =l_pm*1000 -> 0.11045989 | E16: kN/m2
A17: 11 | B17: Tributary width per rafter = L/2 | C17: l_trib | D17: =mod_L/2 -> 1139.5 | E17: mm | F17: 2 rafters at 1400 c/c, symmetric overhangs (g_mod_ovh each side) -> each rafter takes half the module | G17: I
A18: 12 | B18: Module UDL on one rafter = pm x tributary width | C18: l_udl_m | D18: =l_pm*l_trib -> 0.12586905 | E18: N/mm | F18: numerically = kN/m; per mm of rafter length, vertical | G18: I
A19: 13 | B19: Check: UDL x contact length - Wm/2 (must be 0) | C19: l_udl_chk | D19: =l_udl_m*g_Lm-l_Wm/2 -> 0 | E19: N | F19: load conserved
A20: 14 | B20: Rafter self-weight UDL = Winc / B-C (stubs spread) | C20: l_udl_r | D20: =l_Winc/g_BC -> 0.039527611 | E20: N/mm | F20: weight conserved
A21: 15 | B21: Wind uplift as UDL over contact length (wind_mode = 1 only) | C21: l_qu | D21: =(w_Nup/2)/g_Lm -> 0.93803383 | E21: N/mm | F21: normal to module; = N per frame / contact length
A22: 16 | B22: Wind downward as UDL over contact length (wind_mode = 1 only) | C22: l_qd | D22: =(w_Ndn/2)/g_Lm -> 0.52325804 | E22: N/mm
A23: Seismic - IS 1893 (Part 1):2016 (horizontal only)
A24: 17 | B24: Ah = (Z/2) I (Sa/g)(1+z/h)/Rp | C24: l_Ah | D24: =Zf/2*I_imp*SaG*(1+zh)/Rp -> 0.1 | E24: - | F24: component at roof level; clause text not retrievable offline | G24: I | H24: Sensitivity: Rp=1 gives Ah=0.25

Sheet Analysis
A1: 6 FRAME ANALYSIS - closed-form statics per load case (one frame)
A2: Same model as STAAD (pinned single-bolt joints, base member continuous on 4 J-bolt supports). Verified against an independent matrix solver to 1e-11.
A4: # | B4: Quantity | C4: Key | D4: DL dead | E4: WL uplift | F4: WL downward | G4: EQ +x | H4: Unit | I4: Basis
B5: Applied loads per frame - module bolts, module UDL zone, rafter UDL, direct loads at A and C
A6: 1 | B6: Point load per module bolt, Fx (x right +) | C6: Fx_s | D6: =0 -> 0 | E6: =IF(wind_mode=0,w_Fn_u*g_sin,0) -> 93.412586 | F6: =IF(wind_mode=0,-w_Fn_d*g_sin,0) -> -52.107808 | G6: =0 -> 0 | H6: N | I6: wind_mode 0: wind through the 4 module bolts
A7: 2 | B7: Point load per module bolt, Fy (y up +) | C7: Fy_s | D7: =0 -> 0 | E7: =IF(wind_mode=0,w_Fn_u*g_cos,0) -> 523.59781 | F7: =IF(wind_mode=0,-w_Fn_d*g_cos,0) -> -292.07557 | G7: =0 -> 0 | H7: N | I7: R1: module DEAD load is NOT a point load any more
A8: 3 | B8: Module UDL on rafter over contact length, x-component | C8: qmx | D8: =0 -> 0 | E8: =IF(wind_mode=1,l_qu*g_sin,0) -> 0 | F8: =IF(wind_mode=1,-l_qd*g_sin,0) -> 0 | G8: =l_Ah*l_udl_m -> 0.012586905 | H8: N/mm | I8: per mm of rafter length, global x
A9: 4 | B9: Module UDL on rafter over contact length, y-component | C9: qmy | D9: =-l_udl_m -> -0.12586905 | E9: =IF(wind_mode=1,l_qu*g_cos,0) -> 0 | F9: =IF(wind_mode=1,-l_qd*g_cos,0) -> 0 | G9: =0 -> 0 | H9: N/mm | I9: DL: module weight x tributary width / contact length
A10: 5 | B10: Rafter self-weight / seismic UDL over full B-C, x | C10: qrx | D10: =0 -> 0 | E10: =0 -> 0 | F10: =0 -> 0 | G10: =l_Ah*l_udl_r -> 0.0039527611 | H10: N/mm
A11: 6 | B11: Rafter self-weight UDL over full B-C, y | C11: qry | D11: =-l_udl_r -> -0.039527611 | E11: =0 -> 0 | F11: =0 -> 0 | G11: =0 -> 0 | H11: N/mm
A12: 7 | B12: Direct horizontal load at A | C12: FxA | D12: =0 -> 0 | E12: =0 -> 0 | F12: =0 -> 0 | G12: =l_Ah*(l_Wv+l_stubA+0.5*l_ws*g_AC) -> 3.208459 | H12: N | I12: EQ on vertical+base masses
A13: 8 | B13: Direct horizontal load at C | C13: FxC | D13: =0 -> 0 | E13: =0 -> 0 | F13: =0 -> 0 | G13: =l_Ah*(l_stubC+0.5*l_ws*g_AC) -> 2.2575001 | H13: N
A14: 9 | B14: Direct downward load at A (vert. member + stub) | C14: dAy | D14: =l_Wv+l_stubA -> 10.452178 | E14: =0 -> 0 | F14: =0 -> 0 | G14: =0 -> 0 | H14: N
A15: 10 | B15: Direct downward load at C (stub) | C15: dCy | D15: =l_stubC -> 0.94258875 | E15: =0 -> 0 | F15: =0 -> 0 | G15: =0 -> 0 | H15: N
A16: 11 | B16: UDL on base member (down +) | C16: wb | D16: =l_ws -> 0.03770355 | E16: =0 -> 0 | F16: =0 -> 0 | G16: =0 -> 0 | H16: N/mm | I16: self-weight
A17: 12 | B17: Module-bolt force per bolt, normal to rafter (up/out +) | C17: Fnb | D17: =-(l_Wm/4)*g_cos -> -70.258401 | E17: =w_Fn_u -> 531.86518 | F17: =-w_Fn_d -> -296.68731 | G17: =l_Ah*(l_Wm/4)*g_sin -> 1.2534466 | H17: N | I17: connection load path: 4 M8 bolts carry the module
A18: 13 | B18: Module-bolt force per bolt, along rafter (B->C +) | C18: Ftb | D18: =(l_Wm/4)*g_sin -> 12.534466 | E18: =0 -> 0 | F18: =0 -> 0 | G18: =l_Ah*(l_Wm/4)*g_cos -> 7.0258401 | H18: N | I18: used for M8 bolt shear
B19: Step 1 - rafter B-C (pin at C; vertical member = 2-force member). Load items: 2 module-bolt points + module UDL + rafter UDL
A20: 14 | B20: Moment about C of module-bolt point loads | C20: msum_p | D20: =(g_S1x-g_AC)*D7-(g_S1y-g_yA)*D6+(g_S2x-g_AC)*D7-(g_S2y-g_yA)*D6 -> 0 | E20: =(g_S1x-g_AC)*E7-(g_S1y-g_yA)*E6+(g_S2x-g_AC)*E7-(g_S2y-g_yA)*E6 -> -619180.7 | F20: =(g_S1x-g_AC)*F7-(g_S1y-g_yA)*F6+(g_S2x-g_AC)*F7-(g_S2y-g_yA)*F6 -> 345394.03 | G20: =(g_S1x-g_AC)*G7-(g_S1y-g_yA)*G6+(g_S2x-g_AC)*G7-(g_S2y-g_yA)*G6 -> 0 | H20: N.mm | I20: M_C = sum[(x-xC)Fy - (y-yC)Fx]
A21: 15 | B21: Moment about C of module UDL resultant (at module centre) | C21: msum_m | D21: =(g_sc*g_cos-g_AC)*D9*g_Lm-(g_yB-g_sc*g_sin-g_yA)*D8*g_Lm -> 81792.618 | E21: =(g_sc*g_cos-g_AC)*E9*g_Lm-(g_yB-g_sc*g_sin-g_yA)*E8*g_Lm -> 0 | F21: =(g_sc*g_cos-g_AC)*F9*g_Lm-(g_yB-g_sc*g_sin-g_yA)*F8*g_Lm -> 0 | G21: =(g_sc*g_cos-g_AC)*G9*g_Lm-(g_yB-g_sc*g_sin-g_yA)*G8*g_Lm -> -1459.2231 | H21: N.mm | I21: resultant q x contact length
A22: 16 | B22: Moment about C of rafter UDL resultant (at mid B-C) | C22: msum_r | D22: =(g_BC/2*g_cos-g_AC)*D11*g_BC-(g_yB-g_BC/2*g_sin-g_yA)*D10*g_BC -> 26435.024 | E22: =(g_BC/2*g_cos-g_AC)*E11*g_BC-(g_yB-g_BC/2*g_sin-g_yA)*E10*g_BC -> 0 | F22: =(g_BC/2*g_cos-g_AC)*F11*g_BC-(g_yB-g_BC/2*g_sin-g_yA)*F10*g_BC -> 0 | G22: =(g_BC/2*g_cos-g_AC)*G11*g_BC-(g_yB-g_BC/2*g_sin-g_yA)*G10*g_BC -> -471.61464 | H22: N.mm
A23: 17 | B23: Vertical force on rafter at B (up +) | C23: VB | D23: =-(D20+D21+D22)/(0-g_AC) -> 94.316028 | E23: =-(E20+E21+E22)/(0-g_AC) -> -539.59103 | F23: =-(F20+F21+F22)/(0-g_AC) -> 300.99697 | G23: =-(G20+G21+G22)/(0-g_AC) -> -1.6826473 | H23: N | I23: moment equilibrium about C
A24: 18 | B24: Force on rafter at C, x | C24: Cx | D24: =-(2*D6+D8*g_Lm+D10*g_BC) -> 0 | E24: =-(2*E6+E8*g_Lm+E10*g_BC) -> -186.82517 | F24: =-(2*F6+F8*g_Lm+F10*g_BC) -> 104.21562 | G24: =-(2*G6+G8*g_Lm+G10*g_BC) -> -18.880962 | H24: N | I24: sum Fx = 0
A25: 19 | B25: Force on rafter at C, y | C25: Cy | D25: =-(2*D7+D9*g_Lm+D11*g_BC+D23) -> 94.493587 | E25: =-(2*E7+E9*g_Lm+E11*g_BC+E23) -> -507.60459 | F25: =-(2*F7+F9*g_Lm+F11*g_BC+F23) -> 283.15416 | G25: =-(2*G7+G9*g_Lm+G11*g_BC+G23) -> 1.6826473 | H25: N | I25: sum Fy = 0
A26: 20 | B26: Axial force in vertical member (tension +) | C26: NAB | D26: =-D23 -> -94.316028 | E26: =-E23 -> 539.59103 | F26: =-F23 -> -300.99697 | G26: =-G23 -> 1.6826473 | H26: N | I26: joint B
A27: 21 | B27: Point load per bolt: component normal to rafter | C27: Fn | D27: =D6*g_sin+D7*g_cos -> 0 | E27: =E6*g_sin+E7*g_cos -> 531.86518 | F27: =F6*g_sin+F7*g_cos -> -296.68731 | G27: =G6*g_sin+G7*g_cos -> 0 | H27: N | I27: n=(sin,cos)
A28: 22 | B28: Point load per bolt: component along rafter (B->C) | C28: Ft | D28: =D6*g_cos-D7*g_sin -> 0 | E28: =E6*g_cos-E7*g_sin -> 0 | F28: =F6*g_cos-F7*g_sin -> 0 | G28: =G6*g_cos-G7*g_sin -> 0 | H28: N | I28: d=(cos,-sin)
A29: 23 | B29: Module UDL, normal component | C29: qnm | D29: =D8*g_sin+D9*g_cos -> -0.12391252 | E29: =E8*g_sin+E9*g_cos -> 0 | F29: =F8*g_sin+F9*g_cos -> 0 | G29: =G8*g_sin+G9*g_cos -> 0.0022106642 | H29: N/mm
A30: 24 | B30: Module UDL, tangential component | C30: qtm | D30: =D8*g_cos-D9*g_sin -> 0.022106642 | E30: =E8*g_cos-E9*g_sin -> 0 | F30: =F8*g_cos-F9*g_sin -> 0 | G30: =G8*g_cos-G9*g_sin -> 0.012391252 | H30: N/mm
A31: 25 | B31: Rafter UDL, normal component | C31: qnr | D31: =D10*g_sin+D11*g_cos -> -0.038913189 | E31: =E10*g_sin+E11*g_cos -> 0 | F31: =F10*g_sin+F11*g_cos -> 0 | G31: =G10*g_sin+G11*g_cos -> 0.00069423163 | H31: N/mm
A32: 26 | B32: Rafter UDL, tangential component | C32: qtr | D32: =D10*g_cos-D11*g_sin -> 0.0069423163 | E32: =E10*g_cos-E11*g_sin -> 0 | F32: =F10*g_cos-F11*g_sin -> 0 | G32: =G10*g_cos-G11*g_sin -> 0.0038913189 | H32: N/mm
A33: 27 | B33: Total distributed normal load (deflection) | C33: qn | D33: =D29+D31 -> -0.16282571 | E33: =E29+E31 -> 0 | F33: =F29+F31 -> 0 | G33: =G29+G31 -> 0.0029048958 | H33: N/mm
A34: 28 | B34: Axial in rafter, at B (tension +) | C34: N_0 | D34: =D23*g_sin-D28*0-D30*MAX(0,MIN(0,g_sb)-g_sa)-D32*MAX(0,MIN(0,g_BC)) -> 16.56492 | E34: =E23*g_sin-E28*0-E30*MAX(0,MIN(0,g_sb)-g_sa)-E32*MAX(0,MIN(0,g_BC)) -> -94.769492 | F34: =F23*g_sin-F28*0-F30*MAX(0,MIN(0,g_sb)-g_sa)-F32*MAX(0,MIN(0,g_BC)) -> 52.864723 | G34: =G23*g_sin-G28*0-G30*MAX(0,MIN(0,g_sb)-g_sa)-G32*MAX(0,MIN(0,g_BC)) -> -0.29552683 | H34: N | I34: piecewise linear
A35: 29 | B35: Axial in rafter, start of module contact (tension +) | C35: N_a | D35: =D23*g_sin-D28*0-D30*MAX(0,MIN(g_sa,g_sb)-g_sa)-D32*MAX(0,MIN(g_sa,g_BC)) -> 16.450134 | E35: =E23*g_sin-E28*0-E30*MAX(0,MIN(g_sa,g_sb)-g_sa)-E32*MAX(0,MIN(g_sa,g_BC)) -> -94.769492 | F35: =F23*g_sin-F28*0-F30*MAX(0,MIN(g_sa,g_sb)-g_sa)-F32*MAX(0,MIN(g_sa,g_BC)) -> 52.864723 | G35: =G23*g_sin-G28*0-G30*MAX(0,MIN(g_sa,g_sb)-g_sa)-G32*MAX(0,MIN(g_sa,g_BC)) -> -0.3598669 | H35: N | I35: piecewise linear
A36: 30 | B36: Axial in rafter, just before module bolt 1 (tension +) | C36: N_1m | D36: =D23*g_sin-D28*0-D30*MAX(0,MIN(g_s1,g_sb)-g_sa)-D32*MAX(0,MIN(g_s1,g_BC)) -> 15.782131 | E36: =E23*g_sin-E28*0-E30*MAX(0,MIN(g_s1,g_sb)-g_sa)-E32*MAX(0,MIN(g_s1,g_BC)) -> -94.769492 | F36: =F23*g_sin-F28*0-F30*MAX(0,MIN(g_s1,g_sb)-g_sa)-F32*MAX(0,MIN(g_s1,g_BC)) -> 52.864723 | G36: =G23*g_sin-G28*0-G30*MAX(0,MIN(g_s1,g_sb)-g_sa)-G32*MAX(0,MIN(g_s1,g_BC)) -> -0.7342967 | H36: N | I36: piecewise linear
A37: 31 | B37: Axial in rafter, just after module bolt 1 (tension +) | C37: N_1p | D37: =D23*g_sin-D28*1-D30*MAX(0,MIN(g_s1,g_sb)-g_sa)-D32*MAX(0,MIN(g_s1,g_BC)) -> 15.782131 | E37: =E23*g_sin-E28*1-E30*MAX(0,MIN(g_s1,g_sb)-g_sa)-E32*MAX(0,MIN(g_s1,g_BC)) -> -94.769492 | F37: =F23*g_sin-F28*1-F30*MAX(0,MIN(g_s1,g_sb)-g_sa)-F32*MAX(0,MIN(g_s1,g_BC)) -> 52.864723 | G37: =G23*g_sin-G28*1-G30*MAX(0,MIN(g_s1,g_sb)-g_sa)-G32*MAX(0,MIN(g_s1,g_BC)) -> -0.7342967 | H37: N | I37: piecewise linear
A38: 32 | B38: Axial in rafter, just before module bolt 2 (tension +) | C38: N_2m | D38: =D23*g_sin-D28*1-D30*MAX(0,MIN(g_s2,g_sb)-g_sa)-D32*MAX(0,MIN(g_s2,g_BC)) -> -15.823383 | E38: =E23*g_sin-E28*1-E30*MAX(0,MIN(g_s2,g_sb)-g_sa)-E32*MAX(0,MIN(g_s2,g_BC)) -> -94.769492 | F38: =F23*g_sin-F28*1-F30*MAX(0,MIN(g_s2,g_sb)-g_sa)-F32*MAX(0,MIN(g_s2,g_BC)) -> 52.864723 | G38: =G23*g_sin-G28*1-G30*MAX(0,MIN(g_s2,g_sb)-g_sa)-G32*MAX(0,MIN(g_s2,g_BC)) -> -18.449873 | H38: N | I38: piecewise linear
A39: 33 | B39: Axial in rafter, just after module bolt 2 (tension +) | C39: N_2p | D39: =D23*g_sin-D28*2-D30*MAX(0,MIN(g_s2,g_sb)-g_sa)-D32*MAX(0,MIN(g_s2,g_BC)) -> -15.823383 | E39: =E23*g_sin-E28*2-E30*MAX(0,MIN(g_s2,g_sb)-g_sa)-E32*MAX(0,MIN(g_s2,g_BC)) -> -94.769492 | F39: =F23*g_sin-F28*2-F30*MAX(0,MIN(g_s2,g_sb)-g_sa)-F32*MAX(0,MIN(g_s2,g_BC)) -> 52.864723 | G39: =G23*g_sin-G28*2-G30*MAX(0,MIN(g_s2,g_sb)-g_sa)-G32*MAX(0,MIN(g_s2,g_BC)) -> -18.449873 | H39: N | I39: piecewise linear
A40: 34 | B40: Axial in rafter, end of module contact (tension +) | C40: N_b | D40: =D23*g_sin-D28*2-D30*MAX(0,MIN(g_sb,g_sb)-g_sa)-D32*MAX(0,MIN(g_sb,g_BC)) -> -16.491385 | E40: =E23*g_sin-E28*2-E30*MAX(0,MIN(g_sb,g_sb)-g_sa)-E32*MAX(0,MIN(g_sb,g_BC)) -> -94.769492 | F40: =F23*g_sin-F28*2-F30*MAX(0,MIN(g_sb,g_sb)-g_sa)-F32*MAX(0,MIN(g_sb,g_BC)) -> 52.864723 | G40: =G23*g_sin-G28*2-G30*MAX(0,MIN(g_sb,g_sb)-g_sa)-G32*MAX(0,MIN(g_sb,g_BC)) -> -18.824303 | H40: N | I40: piecewise linear
A41: 35 | B41: Axial in rafter, at C (tension +) | C41: N_L | D41: =D23*g_sin-D28*2-D30*MAX(0,MIN(g_BC,g_sb)-g_sa)-D32*MAX(0,MIN(g_BC,g_BC)) -> -16.596105 | E41: =E23*g_sin-E28*2-E30*MAX(0,MIN(g_BC,g_sb)-g_sa)-E32*MAX(0,MIN(g_BC,g_BC)) -> -94.769492 | F41: =F23*g_sin-F28*2-F30*MAX(0,MIN(g_BC,g_sb)-g_sa)-F32*MAX(0,MIN(g_BC,g_BC)) -> 52.864723 | G41: =G23*g_sin-G28*2-G30*MAX(0,MIN(g_BC,g_sb)-g_sa)-G32*MAX(0,MIN(g_BC,g_BC)) -> -18.883 | H41: N | I41: piecewise linear
A42: 36 | B42: Shear in rafter, at B | C42: V_0 | D42: =-(D23*g_cos+D27*0+D29*MAX(0,MIN(0,g_sb)-g_sa)+D31*MAX(0,MIN(0,g_BC))) -> -92.849968 | E42: =-(E23*g_cos+E27*0+E29*MAX(0,MIN(0,g_sb)-g_sa)+E31*MAX(0,MIN(0,g_BC))) -> 531.20356 | F42: =-(F23*g_cos+F27*0+F29*MAX(0,MIN(0,g_sb)-g_sa)+F31*MAX(0,MIN(0,g_BC))) -> -296.31824 | G42: =-(G23*g_cos+G27*0+G29*MAX(0,MIN(0,g_sb)-g_sa)+G31*MAX(0,MIN(0,g_BC))) -> 1.656492 | H42: N | I42: piecewise linear
A43: 37 | B43: Shear in rafter, start of module contact | C43: V_a | D43: =-(D23*g_cos+D27*0+D29*MAX(0,MIN(g_sa,g_sb)-g_sa)+D31*MAX(0,MIN(g_sa,g_BC))) -> -92.206567 | E43: =-(E23*g_cos+E27*0+E29*MAX(0,MIN(g_sa,g_sb)-g_sa)+E31*MAX(0,MIN(g_sa,g_BC))) -> 531.20356 | F43: =-(F23*g_cos+F27*0+F29*MAX(0,MIN(g_sa,g_sb)-g_sa)+F31*MAX(0,MIN(g_sa,g_BC))) -> -296.31824 | G43: =-(G23*g_cos+G27*0+G29*MAX(0,MIN(g_sa,g_sb)-g_sa)+G31*MAX(0,MIN(g_sa,g_BC))) -> 1.6450134 | H43: N | I43: piecewise linear
A44: 38 | B44: Shear in rafter, just before module bolt 1 | C44: V_1m | D44: =-(D23*g_cos+D27*0+D29*MAX(0,MIN(g_s1,g_sb)-g_sa)+D31*MAX(0,MIN(g_s1,g_BC))) -> -88.462269 | E44: =-(E23*g_cos+E27*0+E29*MAX(0,MIN(g_s1,g_sb)-g_sa)+E31*MAX(0,MIN(g_s1,g_BC))) -> 531.20356 | F44: =-(F23*g_cos+F27*0+F29*MAX(0,MIN(g_s1,g_sb)-g_sa)+F31*MAX(0,MIN(g_s1,g_BC))) -> -296.31824 | G44: =-(G23*g_cos+G27*0+G29*MAX(0,MIN(g_s1,g_sb)-g_sa)+G31*MAX(0,MIN(g_s1,g_BC))) -> 1.5782131 | H44: N | I44: piecewise linear
A45: 39 | B45: Shear in rafter, just after module bolt 1 | C45: V_1p | D45: =-(D23*g_cos+D27*1+D29*MAX(0,MIN(g_s1,g_sb)-g_sa)+D31*MAX(0,MIN(g_s1,g_BC))) -> -88.462269 | E45: =-(E23*g_cos+E27*1+E29*MAX(0,MIN(g_s1,g_sb)-g_sa)+E31*MAX(0,MIN(g_s1,g_BC))) -> -0.66162686 | F45: =-(F23*g_cos+F27*1+F29*MAX(0,MIN(g_s1,g_sb)-g_sa)+F31*MAX(0,MIN(g_s1,g_BC))) -> 0.36907152 | G45: =-(G23*g_cos+G27*1+G29*MAX(0,MIN(g_s1,g_sb)-g_sa)+G31*MAX(0,MIN(g_s1,g_BC))) -> 1.5782131 | H45: N | I45: piecewise linear
A46: 40 | B46: Shear in rafter, just before module bolt 2 | C46: V_2m | D46: =-(D23*g_cos+D27*1+D29*MAX(0,MIN(g_s2,g_sb)-g_sa)+D31*MAX(0,MIN(g_s2,g_BC))) -> 88.693493 | E46: =-(E23*g_cos+E27*1+E29*MAX(0,MIN(g_s2,g_sb)-g_sa)+E31*MAX(0,MIN(g_s2,g_BC))) -> -0.66162686 | F46: =-(F23*g_cos+F27*1+F29*MAX(0,MIN(g_s2,g_sb)-g_sa)+F31*MAX(0,MIN(g_s2,g_BC))) -> 0.36907152 | G46: =-(G23*g_cos+G27*1+G29*MAX(0,MIN(g_s2,g_sb)-g_sa)+G31*MAX(0,MIN(g_s2,g_BC))) -> -1.5823383 | H46: N | I46: piecewise linear
A47: 41 | B47: Shear in rafter, just after module bolt 2 | C47: V_2p | D47: =-(D23*g_cos+D27*2+D29*MAX(0,MIN(g_s2,g_sb)-g_sa)+D31*MAX(0,MIN(g_s2,g_BC))) -> 88.693493 | E47: =-(E23*g_cos+E27*2+E29*MAX(0,MIN(g_s2,g_sb)-g_sa)+E31*MAX(0,MIN(g_s2,g_BC))) -> -532.52681 | F47: =-(F23*g_cos+F27*2+F29*MAX(0,MIN(g_s2,g_sb)-g_sa)+F31*MAX(0,MIN(g_s2,g_BC))) -> 297.05638 | G47: =-(G23*g_cos+G27*2+G29*MAX(0,MIN(g_s2,g_sb)-g_sa)+G31*MAX(0,MIN(g_s2,g_BC))) -> -1.5823383 | H47: N | I47: piecewise linear
A48: 42 | B48: Shear in rafter, end of module contact | C48: V_b | D48: =-(D23*g_cos+D27*2+D29*MAX(0,MIN(g_sb,g_sb)-g_sa)+D31*MAX(0,MIN(g_sb,g_BC))) -> 92.437791 | E48: =-(E23*g_cos+E27*2+E29*MAX(0,MIN(g_sb,g_sb)-g_sa)+E31*MAX(0,MIN(g_sb,g_BC))) -> -532.52681 | F48: =-(F23*g_cos+F27*2+F29*MAX(0,MIN(g_sb,g_sb)-g_sa)+F31*MAX(0,MIN(g_sb,g_BC))) -> 297.05638 | G48: =-(G23*g_cos+G27*2+G29*MAX(0,MIN(g_sb,g_sb)-g_sa)+G31*MAX(0,MIN(g_sb,g_BC))) -> -1.6491385 | H48: N | I48: piecewise linear
A49: 43 | B49: Shear in rafter, at C | C49: V_L | D49: =-(D23*g_cos+D27*2+D29*MAX(0,MIN(g_BC,g_sb)-g_sa)+D31*MAX(0,MIN(g_BC,g_BC))) -> 93.024767 | E49: =-(E23*g_cos+E27*2+E29*MAX(0,MIN(g_BC,g_sb)-g_sa)+E31*MAX(0,MIN(g_BC,g_BC))) -> -532.52681 | F49: =-(F23*g_cos+F27*2+F29*MAX(0,MIN(g_BC,g_sb)-g_sa)+F31*MAX(0,MIN(g_BC,g_BC))) -> 297.05638 | G49: =-(G23*g_cos+G27*2+G29*MAX(0,MIN(g_BC,g_sb)-g_sa)+G31*MAX(0,MIN(g_BC,g_BC))) -> -1.6596105 | H49: N | I49: piecewise linear
A50: 44 | B50: Moment at module bolt 1 (closed-form sign = -sagging) | C50: Minc1 | D50: =-(D23*g_cos*g_s1+D27*MAX(0,g_s1-g_s1)+D27*MAX(0,g_s1-g_s2)+D29*IF(g_s1>g_sa,MAX(0,MIN(g_s1,g_sb)-g_sa)*(g_s1-(g_sa+MIN(g_s1,g_sb))/2),0)+D31*MAX(0,MIN(g_s1,g_BC))*(g_s1-MIN(g_s1,g_BC)/2)) -> -3607.1932 | E50: =-(E23*g_cos*g_s1+E27*MAX(0,g_s1-g_s1)+E27*MAX(0,g_s1-g_s2)+E29*IF(g_s1>g_sa,MAX(0,MIN(g_s1,g_sb)-g_sa)*(g_s1-(g_sa+MIN(g_s1,g_sb))/2),0)+E31*MAX(0,MIN(g_s1,g_BC))*(g_s1-MIN(g_s1,g_BC)/2)) -> 20998.477 | F50: =-(F23*g_cos*g_s1+F27*MAX(0,g_s1-g_s1)+F27*MAX(0,g_s1-g_s2)+F29*IF(g_s1>g_sa,MAX(0,MIN(g_s1,g_sb)-g_sa)*(g_s1-(g_sa+MIN(g_s1,g_sb))/2),0)+F31*MAX(0,MIN(g_s1,g_BC))*(g_s1-MIN(g_s1,g_BC)/2)) -> -11713.46 | G50: =-(G23*g_cos*g_s1+G27*MAX(0,g_s1-g_s1)+G27*MAX(0,g_s1-g_s2)+G29*IF(g_s1>g_sa,MAX(0,MIN(g_s1,g_sb)-g_sa)*(g_s1-(g_sa+MIN(g_s1,g_sb))/2),0)+G31*MAX(0,MIN(g_s1,g_BC))*(g_s1-MIN(g_s1,g_BC)/2)) -> 64.354213 | H50: N.mm | I50: Macaulay sum from B
A51: 45 | B51: Moment at module bolt 2 | C51: Minc2 | D51: =-(D23*g_cos*g_s2+D27*MAX(0,g_s2-g_s1)+D27*MAX(0,g_s2-g_s2)+D29*IF(g_s2>g_sa,MAX(0,MIN(g_s2,g_sb)-g_sa)*(g_s2-(g_sa+MIN(g_s2,g_sb))/2),0)+D31*MAX(0,MIN(g_s2,g_BC))*(g_s2-MIN(g_s2,g_BC)/2)) -> -3481.4067 | E51: =-(E23*g_cos*g_s2+E27*MAX(0,g_s2-g_s1)+E27*MAX(0,g_s2-g_s2)+E29*IF(g_s2>g_sa,MAX(0,MIN(g_s2,g_sb)-g_sa)*(g_s2-(g_sa+MIN(g_s2,g_sb))/2),0)+E31*MAX(0,MIN(g_s2,g_BC))*(g_s2-MIN(g_s2,g_BC)/2)) -> 20278.621 | F51: =-(F23*g_cos*g_s2+F27*MAX(0,g_s2-g_s1)+F27*MAX(0,g_s2-g_s2)+F29*IF(g_s2>g_sa,MAX(0,MIN(g_s2,g_sb)-g_sa)*(g_s2-(g_sa+MIN(g_s2,g_sb))/2),0)+F31*MAX(0,MIN(g_s2,g_BC))*(g_s2-MIN(g_s2,g_BC)/2)) -> -11311.907 | G51: =-(G23*g_cos*g_s2+G27*MAX(0,g_s2-g_s1)+G27*MAX(0,g_s2-g_s2)+G29*IF(g_s2>g_sa,MAX(0,MIN(g_s2,g_sb)-g_sa)*(g_s2-(g_sa+MIN(g_s2,g_sb))/2),0)+G31*MAX(0,MIN(g_s2,g_BC))*(g_s2-MIN(g_s2,g_BC)/2)) -> 62.110115 | H51: N.mm
A52: 46 | B52: Moment at node M (mid of module bolts) | C52: MincM | D52: =-(D23*g_cos*g_sM+D27*MAX(0,g_sM-g_s1)+D27*MAX(0,g_sM-g_s2)+D29*IF(g_sM>g_sa,MAX(0,MIN(g_sM,g_sb)-g_sa)*(g_sM-(g_sa+MIN(g_sM,g_sb))/2),0)+D31*MAX(0,MIN(g_sM,g_BC))*(g_sM-MIN(g_sM,g_BC)/2)) -> -27637.672 | E52: =-(E23*g_cos*g_sM+E27*MAX(0,g_sM-g_s1)+E27*MAX(0,g_sM-g_s2)+E29*IF(g_sM>g_sa,MAX(0,MIN(g_sM,g_sb)-g_sa)*(g_sM-(g_sa+MIN(g_sM,g_sb))/2),0)+E31*MAX(0,MIN(g_sM,g_BC))*(g_sM-MIN(g_sM,g_BC)/2)) -> 20638.549 | F52: =-(F23*g_cos*g_sM+F27*MAX(0,g_sM-g_s1)+F27*MAX(0,g_sM-g_s2)+F29*IF(g_sM>g_sa,MAX(0,MIN(g_sM,g_sb)-g_sa)*(g_sM-(g_sa+MIN(g_sM,g_sb))/2),0)+F31*MAX(0,MIN(g_sM,g_BC))*(g_sM-MIN(g_sM,g_BC)/2)) -> -11512.683 | G52: =-(G23*g_cos*g_sM+G27*MAX(0,g_sM-g_s1)+G27*MAX(0,g_sM-g_s2)+G29*IF(g_sM>g_sa,MAX(0,MIN(g_sM,g_sb)-g_sa)*(g_sM-(g_sa+MIN(g_sM,g_sb))/2),0)+G31*MAX(0,MIN(g_sM,g_BC))*(g_sM-MIN(g_sM,g_BC)/2)) -> 493.07052 | H52: N.mm | I52: for STAAD comparison
A53: 47 | B53: Moment at C (must be 0: pin) | C53: MincL | D53: =-(D23*g_cos*g_BC+D27*MAX(0,g_BC-g_s1)+D27*MAX(0,g_BC-g_s2)+D29*IF(g_BC>g_sa,MAX(0,MIN(g_BC,g_sb)-g_sa)*(g_BC-(g_sa+MIN(g_BC,g_sb))/2),0)+D31*MAX(0,MIN(g_BC,g_BC))*(g_BC-MIN(g_BC,g_BC)/2)) -> 0 | E53: =-(E23*g_cos*g_BC+E27*MAX(0,g_BC-g_s1)+E27*MAX(0,g_BC-g_s2)+E29*IF(g_BC>g_sa,MAX(0,MIN(g_BC,g_sb)-g_sa)*(g_BC-(g_sa+MIN(g_BC,g_sb))/2),0)+E31*MAX(0,MIN(g_BC,g_BC))*(g_BC-MIN(g_BC,g_BC)/2)) -> 7.6397555e-11 | F53: =-(F23*g_cos*g_BC+F27*MAX(0,g_BC-g_s1)+F27*MAX(0,g_BC-g_s2)+F29*IF(g_BC>g_sa,MAX(0,MIN(g_BC,g_sb)-g_sa)*(g_BC-(g_sa+MIN(g_BC,g_sb))/2),0)+F31*MAX(0,MIN(g_BC,g_BC))*(g_BC-MIN(g_BC,g_BC)/2)) -> 0 | G53: =-(G23*g_cos*g_BC+G27*MAX(0,g_BC-g_s1)+G27*MAX(0,g_BC-g_s2)+G29*IF(g_BC>g_sa,MAX(0,MIN(g_BC,g_sb)-g_sa)*(g_BC-(g_sa+MIN(g_BC,g_sb))/2),0)+G31*MAX(0,MIN(g_BC,g_BC))*(g_BC-MIN(g_BC,g_BC)/2)) -> 0 | H53: N.mm | I53: equilibrium check
B54: Step 2 - base member on 4 J-bolt supports (continuous beam, three-moment equation)
A55: 48 | B55: Downward load on base at A | C55: PA | D55: =D14-D26 -> 104.76821 | E55: =E14-E26 -> -539.59103 | F55: =F14-F26 -> 300.99697 | G55: =G14-G26 -> -1.6826473 | H55: N | I55: vertical member pulls A up if in tension
A56: 49 | B56: Downward load on base at C | C56: PC | D56: =D15+D25 -> 95.436176 | E56: =E15+E25 -> -507.60459 | F56: =F15+F25 -> 283.15416 | G56: =G15+G25 -> 1.6826473 | H56: N
A57: 50 | B57: Horizontal load on base at C | C57: FxCt | D57: =D13-D24 -> 0 | E57: =E13-E24 -> 186.82517 | F57: =F13-F24 -> -104.21562 | G57: =G13-G24 -> 21.138462 | H57: N
A58: 51 | B58: Horizontal reaction at J1 (restraint in x) | C58: RH1 | D58: =-(D12+D57) -> 0 | E58: =-(E12+E57) -> -186.82517 | F58: =-(F12+F57) -> 104.21562 | G58: =-(G12+G57) -> -24.346921 | H58: N | I58: all horizontal to J1 (same in STAAD)
A59: 52 | B59: Axial in base A-J1 (tension +) | C59: NbA | D59: =-D12 -> 0 | E59: =-E12 -> 0 | F59: =-F12 -> 0 | G59: =-G12 -> -3.208459 | H59: N
A60: 53 | B60: Axial in base J1-C (tension +) | C60: NbC | D60: =D57 -> 0 | E60: =E57 -> 186.82517 | F60: =F57 -> -104.21562 | G60: =G57 -> 21.138462 | H60: N
A61: 54 | B61: Support moment at J1 (sagging +) | C61: M1 | D61: =-(D55*g_a1+D16*g_a1^2/2) -> -15863.454 | E61: =-(E55*g_a1+E16*g_a1^2/2) -> 79589.676 | F61: =-(F55*g_a1+F16*g_a1^2/2) -> -44397.053 | G61: =-(G55*g_a1+G16*g_a1^2/2) -> 248.19047 | H61: N.mm | I61: overhang statics
A62: 55 | B62: Support moment at J4 | C62: M4 | D62: =-(D56*g_c2+D16*g_c2^2/2) -> -14739.591 | E62: =-(E56*g_c2+E16*g_c2^2/2) -> 76140.688 | F62: =-(F56*g_c2+F16*g_c2^2/2) -> -42473.124 | G62: =-(G56*g_c2+G16*g_c2^2/2) -> -252.39709 | H62: N.mm
A63: 56 | B63: RHS eq. at J2 | C63: b1 | D63: =-D16*(g_L1^3+g_L2^3)/4-D61*g_L1 -> 779473.74 | E63: =-E16*(g_L1^3+g_L2^3)/4-E61*g_L1 -> -11938451 | F63: =-F16*(g_L1^3+g_L2^3)/4-F61*g_L1 -> 6659558 | G63: =-G16*(g_L1^3+g_L2^3)/4-G61*g_L1 -> -37228.57 | H63: N.mm2 | I63: Clapeyron
A64: 57 | B64: RHS eq. at J3 | C64: b2 | D64: =-D16*(g_L2^3+g_L3^3)/4-D62*g_L3 -> 610894.3 | E64: =-E16*(g_L2^3+g_L3^3)/4-E62*g_L3 -> -11421103 | F64: =-F16*(g_L2^3+g_L3^3)/4-F62*g_L3 -> 6370968.6 | G64: =-G16*(g_L2^3+g_L3^3)/4-G62*g_L3 -> 37859.563 | H64: N.mm2
A65: 58 | B65: Support moment at J2 | C65: M2 | D65: =(D63*g_a22-g_a12*D64)/g_det -> 455.66901 | E65: =(E63*g_a22-g_a12*E64)/g_det -> -6293.9519 | F65: =(F63*g_a22-g_a12*F64)/g_det -> 3510.9191 | G65: =(G63*g_a22-g_a12*G64)/g_det -> -44.007697 | H65: N.mm | I65: 2x2 solve
A66: 59 | B66: Support moment at J3 | C66: M3 | D66: =(g_a11*D64-g_a21*D63)/g_det -> 257.34025 | E66: =(g_a11*E64-g_a21*E63)/g_det -> -5685.3069 | F66: =(g_a11*F64-g_a21*F63)/g_det -> 3171.4022 | G66: =(g_a11*G64-g_a21*G63)/g_det -> 44.331283 | H66: N.mm
A67: 60 | B67: Shear just left of J1 | C67: V1m | D67: =-(D55+D16*g_a1) -> -110.32948 | E67: =-(E55+E16*g_a1) -> 539.59103 | F67: =-(F55+F16*g_a1) -> -300.99697 | G67: =-(G55+G16*g_a1) -> 1.6826473 | H67: N
A68: 61 | B68: Shear just right of J1 | C68: V1p | D68: =(D65-D61)/g_L1+D16*g_L1/2 -> 111.62192 | E68: =(E65-E61)/g_L1+E16*g_L1/2 -> -572.55752 | F68: =(F65-F61)/g_L1+F16*g_L1/2 -> 319.38648 | G68: =(G65-G61)/g_L1+G16*g_L1/2 -> -1.9479878 | H68: N
A69: 62 | B69: Reaction J1 (up +) | C69: R1 | D69: =D68-D67 -> 221.9514 | E69: =E68-E67 -> -1112.1485 | F69: =F68-F67 -> 620.38346 | G69: =G68-G67 -> -3.630635 | H69: N
A70: 63 | B70: Shear left of J2 | C70: V2m | D70: =D68-D16*g_L1 -> 105.96639 | E70: =E68-E16*g_L1 -> -572.55752 | F70: =F68-F16*g_L1 -> 319.38648 | G70: =G68-G16*g_L1 -> -1.9479878 | H70: N
A71: 64 | B71: Shear right of J2 | C71: V2p | D71: =(D66-D65)/g_L2+D16*g_L2/2 -> 10.007879 | E71: =(E66-E65)/g_L2+E16*g_L2/2 -> 1.1066273 | F71: =(F66-F65)/g_L2+F16*g_L2/2 -> -0.61730358 | G71: =(G66-G65)/g_L2+G16*g_L2/2 -> 0.16061633 | H71: N
A72: 65 | B72: Reaction J2 | C72: R2 | D72: =D71-D70 -> -95.958511 | E72: =E71-E70 -> 573.66415 | F72: =F71-F70 -> -320.00379 | G72: =G71-G70 -> 2.1086041 | H72: N
A73: 66 | B73: Shear left of J3 | C73: V3m | D73: =D71-D16*g_L2 -> -10.729074 | E73: =E71-E16*g_L2 -> 1.1066273 | F73: =F71-F16*g_L2 -> -0.61730358 | G73: =G71-G16*g_L2 -> 0.16061633 | H73: N
A74: 67 | B74: Shear right of J3 | C74: V3p | D74: =(D62-D66)/g_L3+D16*g_L3/2 -> -97.151778 | E74: =(E62-E66)/g_L3+E16*g_L3/2 -> 545.50663 | F74: =(F62-F66)/g_L3+F16*g_L3/2 -> -304.29684 | G74: =(G62-G66)/g_L3+G16*g_L3/2 -> -1.9781891 | H74: N
A75: 68 | B75: Reaction J3 | C75: R3 | D75: =D74-D73 -> -86.422704 | E75: =E74-E73 -> 544.4 | F75: =F74-F73 -> -303.67954 | G75: =G74-G73 -> -2.1388055 | H75: N
A76: 69 | B76: Shear left of J4 | C76: V4m | D76: =D74-D16*g_L3 -> -102.80731 | E76: =E74-E16*g_L3 -> 545.50663 | F76: =F74-F16*g_L3 -> -304.29684 | G76: =G74-G16*g_L3 -> -1.9781891 | H76: N
A77: 70 | B77: Shear right of J4 | C77: V4p | D77: =D56+D16*g_c2 -> 101.09171 | E77: =E56+E16*g_c2 -> -507.60459 | F77: =F56+F16*g_c2 -> 283.15416 | G77: =G56+G16*g_c2 -> 1.6826473 | H77: N
A78: 71 | B78: Reaction J4 | C78: R4 | D78: =D77-D76 -> 203.89902 | E78: =E77-E76 -> -1053.1112 | F78: =F77-F76 -> 587.451 | G78: =G77-G76 -> 3.6608364 | H78: N
A79: 72 | B79: Mid-span moment J1-J2 | C79: Mm1 | D79: =D61+D68*g_L1/2-D16*(g_L1/2)^2/2 -> -7597.8514 | E79: =E61+E68*g_L1/2-E16*(g_L1/2)^2/2 -> 36647.862 | F79: =F61+F68*g_L1/2-F16*(g_L1/2)^2/2 -> -20443.067 | G79: =G61+G68*g_L1/2-G16*(g_L1/2)^2/2 -> 102.09139 | H79: N.mm
A80: 73 | B80: Mid-span moment J2-J3 | C80: Mm2 | D80: =D65+D71*g_L2/2-D16*(g_L2/2)^2/2 -> 1782.1701 | E80: =E65+E71*g_L2/2-E16*(g_L2/2)^2/2 -> -5989.6294 | F80: =F65+F71*g_L2/2-F16*(g_L2/2)^2/2 -> 3341.1607 | G80: =G65+G71*g_L2/2-G16*(g_L2/2)^2/2 -> 0.16179301 | H80: N.mm
A81: 74 | B81: Mid-span moment J3-J4 | C81: Mm3 | D81: =D66+D74*g_L3/2-D16*(g_L3/2)^2/2 -> -7135.0843 | E81: =E66+E74*g_L3/2-E16*(g_L3/2)^2/2 -> 35227.691 | F81: =F66+F74*g_L3/2-F16*(g_L3/2)^2/2 -> -19650.861 | G81: =G66+G74*g_L3/2-G16*(g_L3/2)^2/2 -> -104.0329 | H81: N.mm
B82: Step 3 - tip deflections of base overhangs (down +), slope-deflection
A83: 75 | B83: Slope at J1 (dy/dx, y down) | C83: th1 | D83: =(D61*g_L1/3+D65*g_L1/6+D16*g_L1^3/24)/(Es*g_Ieff) -> -5.3859942e-05 | E83: =(E61*g_L1/3+E65*g_L1/6+E16*g_L1^3/24)/(Es*g_Ieff) -> 0.00026511984 | F83: =(F61*g_L1/3+F65*g_L1/6+F16*g_L1^3/24)/(Es*g_Ieff) -> -0.00014789028 | G83: =(G61*g_L1/3+G65*g_L1/6+G16*g_L1^3/24)/(Es*g_Ieff) -> 7.844642e-07 | H83: rad | I83: EI y'' = -M
A84: 76 | B84: Slope at J4 | C84: th4 | D84: =-(D66*g_L3/6+D62*g_L3/3+D16*g_L3^3/24)/(Es*g_Ieff) -> 5.0306066e-05 | E84: =-(E66*g_L3/6+E62*g_L3/3+E16*g_L3^3/24)/(Es*g_Ieff) -> -0.00025421346 | F84: =-(F66*g_L3/6+F62*g_L3/3+F16*g_L3^3/24)/(Es*g_Ieff) -> 0.00014180644 | G84: =-(G66*g_L3/6+G62*g_L3/3+G16*g_L3^3/24)/(Es*g_Ieff) -> 7.9849252e-07 | H84: rad
A85: 77 | B85: Deflection at A | C85: dA | D85: =-D83*g_a1+(D55*g_a1^3/3+D16*g_a1^4/8)/(Es*g_Ieff) -> 0.015872649 | E85: =-E83*g_a1+(E55*g_a1^3/3+E16*g_a1^4/8)/(Es*g_Ieff) -> -0.079141643 | F85: =-F83*g_a1+(F55*g_a1^3/3+F16*g_a1^4/8)/(Es*g_Ieff) -> 0.044147129 | G85: =-G83*g_a1+(G55*g_a1^3/3+G16*g_a1^4/8)/(Es*g_Ieff) -> -0.00024055719 | H85: mm
A86: 78 | B86: Deflection at C | C86: dC | D86: =D84*g_c2+(D56*g_c2^3/3+D16*g_c2^4/8)/(Es*g_Ieff) -> 0.015158758 | E86: =E84*g_c2+(E56*g_c2^3/3+E16*g_c2^4/8)/(Es*g_Ieff) -> -0.077742879 | F86: =F84*g_c2+(F56*g_c2^3/3+F16*g_c2^4/8)/(Es*g_Ieff) -> 0.043366865 | G86: =G84*g_c2+(G56*g_c2^3/3+G16*g_c2^4/8)/(Es*g_Ieff) -> 0.00025107904 | H86: mm
B87: Equilibrium self-checks (must be 0)
A88: 79 | B88: sum(R) - sum(loads) on base | C88: eqV | D88: =(D69+D72+D75+D78)-(D55+D56+D16*g_AC) -> 0 | E88: =(E69+E72+E75+E78)-(E55+E56+E16*g_AC) -> 0 | F88: =(F69+F72+F75+F78)-(F55+F56+F16*g_AC) -> 0 | G88: =(G69+G72+G75+G78)-(G55+G56+G16*g_AC) -> 0 | H88: N | I88: vertical equilibrium
A89: 80 | B89: Rafter end axial at C - (Cx cos - Cy sin) | C89: eqN | D89: =D41-(D24*g_cos-D25*g_sin) -> 0 | E89: =E41-(E24*g_cos-E25*g_sin) -> 0 | F89: =F41-(F24*g_cos-F25*g_sin) -> 0 | G89: =G41-(G24*g_cos-G25*g_sin) -> 0 | H89: N | I89: independent identity
A90: 81 | B90: Rafter moment at C (pin) | C90: eqM | D90: =D53 -> 0 | E90: =E53 -> 7.6397555e-11 | F90: =F53 -> 0 | G90: =G53 -> 0 | H90: N.mm | I90: must be 0

Sheet Combos
A1: 7 LOAD COMBINATIONS (IS 800:2007 Table 4, limit state) AND ENVELOPES
A2: U = strength combinations C1-C6 (factored). S = service combinations (unfactored, deflection). 0.9DL when dead load is stabilising (Table 4 note).
A4: # | B4: Quantity | C4: Key | D4: C1 | E4: C2 | F4: C3 | G4: C4 | H4: C5 | I4: C6 | J4: S1 | K4: S2 | L4: max U | M4: min U | N4: abs max U | O4: Unit
B5: Combination | D5: 1.5DL + 1.5WL(down) | E5: 0.9DL + 1.5WL(up) | F5: 1.5DL + 1.5EQ(+x) | G5: 1.5DL - 1.5EQ(+x) | H5: 0.9DL + 1.5EQ(+x) | I5: 0.9DL - 1.5EQ(+x) | J5: DL + WL(down) [service] | K5: DL + WL(up) [service]
B6: Factor on DL dead | C6: DL | D6: 1.5 | E6: 0.9 | F6: 1.5 | G6: 1.5 | H6: 0.9 | I6: 0.9 | J6: 1 | K6: 1
B7: Factor on WL uplift | C7: WLU | D7: 0 | E7: 1.5 | F7: 0 | G7: 0 | H7: 0 | I7: 0 | J7: 0 | K7: 1
B8: Factor on WL downward | C8: WLD | D8: 1.5 | E8: 0 | F8: 0 | G8: 0 | H8: 0 | I8: 0 | J8: 1 | K8: 0
B9: Factor on EQ +x | C9: EQX | D9: 0 | E9: 0 | F9: 1.5 | G9: -1.5 | H9: 1.5 | I9: -1.5 | J9: 0 | K9: 0
A10: 1 | B10: Vertical force on rafter at B (up +) | C10: VB | D10: =D$6*Analysis!$D$23+D$7*Analysis!$E$23+D$8*Analysis!$F$23+D$9*Analysis!$G$23 -> 592.9695 | E10: =E$6*Analysis!$D$23+E$7*Analysis!$E$23+E$8*Analysis!$F$23+E$9*Analysis!$G$23 -> -724.50211 | F10: =F$6*Analysis!$D$23+F$7*Analysis!$E$23+F$8*Analysis!$F$23+F$9*Analysis!$G$23 -> 138.95007 | G10: =G$6*Analysis!$D$23+G$7*Analysis!$E$23+G$8*Analysis!$F$23+G$9*Analysis!$G$23 -> 143.99801 | H10: =H$6*Analysis!$D$23+H$7*Analysis!$E$23+H$8*Analysis!$F$23+H$9*Analysis!$G$23 -> 82.360454 | I10: =I$6*Analysis!$D$23+I$7*Analysis!$E$23+I$8*Analysis!$F$23+I$9*Analysis!$G$23 -> 87.408396 | J10: =J$6*Analysis!$D$23+J$7*Analysis!$E$23+J$8*Analysis!$F$23+J$9*Analysis!$G$23 -> 395.313 | K10: =K$6*Analysis!$D$23+K$7*Analysis!$E$23+K$8*Analysis!$F$23+K$9*Analysis!$G$23 -> -445.275 | L10: =MAX(D10:I10) -> 592.9695 | M10: =MIN(D10:I10) -> -724.50211 | N10: =MAX(L10,-M10) -> 724.50211 | O10: N
A11: 2 | B11: Force on rafter at C, x | C11: Cx | D11: =D$6*Analysis!$D$24+D$7*Analysis!$E$24+D$8*Analysis!$F$24+D$9*Analysis!$G$24 -> 156.32342 | E11: =E$6*Analysis!$D$24+E$7*Analysis!$E$24+E$8*Analysis!$F$24+E$9*Analysis!$G$24 -> -280.23776 | F11: =F$6*Analysis!$D$24+F$7*Analysis!$E$24+F$8*Analysis!$F$24+F$9*Analysis!$G$24 -> -28.321442 | G11: =G$6*Analysis!$D$24+G$7*Analysis!$E$24+G$8*Analysis!$F$24+G$9*Analysis!$G$24 -> 28.321442 | H11: =H$6*Analysis!$D$24+H$7*Analysis!$E$24+H$8*Analysis!$F$24+H$9*Analysis!$G$24 -> -28.321442 | I11: =I$6*Analysis!$D$24+I$7*Analysis!$E$24+I$8*Analysis!$F$24+I$9*Analysis!$G$24 -> 28.321442 | J11: =J$6*Analysis!$D$24+J$7*Analysis!$E$24+J$8*Analysis!$F$24+J$9*Analysis!$G$24 -> 104.21562 | K11: =K$6*Analysis!$D$24+K$7*Analysis!$E$24+K$8*Analysis!$F$24+K$9*Analysis!$G$24 -> -186.82517 | L11: =MAX(D11:I11) -> 156.32342 | M11: =MIN(D11:I11) -> -280.23776 | N11: =MAX(L11,-M11) -> 280.23776 | O11: N
A12: 3 | B12: Force on rafter at C, y | C12: Cy | D12: =D$6*Analysis!$D$25+D$7*Analysis!$E$25+D$8*Analysis!$F$25+D$9*Analysis!$G$25 -> 566.47162 | E12: =E$6*Analysis!$D$25+E$7*Analysis!$E$25+E$8*Analysis!$F$25+E$9*Analysis!$G$25 -> -676.36265 | F12: =F$6*Analysis!$D$25+F$7*Analysis!$E$25+F$8*Analysis!$F$25+F$9*Analysis!$G$25 -> 144.26435 | G12: =G$6*Analysis!$D$25+G$7*Analysis!$E$25+G$8*Analysis!$F$25+G$9*Analysis!$G$25 -> 139.21641 | H12: =H$6*Analysis!$D$25+H$7*Analysis!$E$25+H$8*Analysis!$F$25+H$9*Analysis!$G$25 -> 87.568199 | I12: =I$6*Analysis!$D$25+I$7*Analysis!$E$25+I$8*Analysis!$F$25+I$9*Analysis!$G$25 -> 82.520258 | J12: =J$6*Analysis!$D$25+J$7*Analysis!$E$25+J$8*Analysis!$F$25+J$9*Analysis!$G$25 -> 377.64775 | K12: =K$6*Analysis!$D$25+K$7*Analysis!$E$25+K$8*Analysis!$F$25+K$9*Analysis!$G$25 -> -413.111 | L12: =MAX(D12:I12) -> 566.47162 | M12: =MIN(D12:I12) -> -676.36265 | N12: =MAX(L12,-M12) -> 676.36265 | O12: N
A13: 4 | B13: Axial force in vertical member (tension +) | C13: NAB | D13: =D$6*Analysis!$D$26+D$7*Analysis!$E$26+D$8*Analysis!$F$26+D$9*Analysis!$G$26 -> -592.9695 | E13: =E$6*Analysis!$D$26+E$7*Analysis!$E$26+E$8*Analysis!$F$26+E$9*Analysis!$G$26 -> 724.50211 | F13: =F$6*Analysis!$D$26+F$7*Analysis!$E$26+F$8*Analysis!$F$26+F$9*Analysis!$G$26 -> -138.95007 | G13: =G$6*Analysis!$D$26+G$7*Analysis!$E$26+G$8*Analysis!$F$26+G$9*Analysis!$G$26 -> -143.99801 | H13: =H$6*Analysis!$D$26+H$7*Analysis!$E$26+H$8*Analysis!$F$26+H$9*Analysis!$G$26 -> -82.360454 | I13: =I$6*Analysis!$D$26+I$7*Analysis!$E$26+I$8*Analysis!$F$26+I$9*Analysis!$G$26 -> -87.408396 | J13: =J$6*Analysis!$D$26+J$7*Analysis!$E$26+J$8*Analysis!$F$26+J$9*Analysis!$G$26 -> -395.313 | K13: =K$6*Analysis!$D$26+K$7*Analysis!$E$26+K$8*Analysis!$F$26+K$9*Analysis!$G$26 -> 445.275 | L13: =MAX(D13:I13) -> 724.50211 | M13: =MIN(D13:I13) -> -592.9695 | N13: =MAX(L13,-M13) -> 724.50211 | O13: N
A14: 5 | B14: Point load per bolt: component normal to rafter | C14: Fn | D14: =D$6*Analysis!$D$27+D$7*Analysis!$E$27+D$8*Analysis!$F$27+D$9*Analysis!$G$27 -> -445.03096 | E14: =E$6*Analysis!$D$27+E$7*Analysis!$E$27+E$8*Analysis!$F$27+E$9*Analysis!$G$27 -> 797.79778 | F14: =F$6*Analysis!$D$27+F$7*Analysis!$E$27+F$8*Analysis!$F$27+F$9*Analysis!$G$27 -> 0 | G14: =G$6*Analysis!$D$27+G$7*Analysis!$E$27+G$8*Analysis!$F$27+G$9*Analysis!$G$27 -> 0 | H14: =H$6*Analysis!$D$27+H$7*Analysis!$E$27+H$8*Analysis!$F$27+H$9*Analysis!$G$27 -> 0 | I14: =I$6*Analysis!$D$27+I$7*Analysis!$E$27+I$8*Analysis!$F$27+I$9*Analysis!$G$27 -> 0 | J14: =J$6*Analysis!$D$27+J$7*Analysis!$E$27+J$8*Analysis!$F$27+J$9*Analysis!$G$27 -> -296.68731 | K14: =K$6*Analysis!$D$27+K$7*Analysis!$E$27+K$8*Analysis!$F$27+K$9*Analysis!$G$27 -> 531.86518 | L14: =MAX(D14:I14) -> 797.79778 | M14: =MIN(D14:I14) -> -445.03096 | N14: =MAX(L14,-M14) -> 797.79778 | O14: N
A15: 6 | B15: Point load per bolt: component along rafter (B->C) | C15: Ft | D15: =D$6*Analysis!$D$28+D$7*Analysis!$E$28+D$8*Analysis!$F$28+D$9*Analysis!$G$28 -> 0 | E15: =E$6*Analysis!$D$28+E$7*Analysis!$E$28+E$8*Analysis!$F$28+E$9*Analysis!$G$28 -> 0 | F15: =F$6*Analysis!$D$28+F$7*Analysis!$E$28+F$8*Analysis!$F$28+F$9*Analysis!$G$28 -> 0 | G15: =G$6*Analysis!$D$28+G$7*Analysis!$E$28+G$8*Analysis!$F$28+G$9*Analysis!$G$28 -> 0 | H15: =H$6*Analysis!$D$28+H$7*Analysis!$E$28+H$8*Analysis!$F$28+H$9*Analysis!$G$28 -> 0 | I15: =I$6*Analysis!$D$28+I$7*Analysis!$E$28+I$8*Analysis!$F$28+I$9*Analysis!$G$28 -> 0 | J15: =J$6*Analysis!$D$28+J$7*Analysis!$E$28+J$8*Analysis!$F$28+J$9*Analysis!$G$28 -> 0 | K15: =K$6*Analysis!$D$28+K$7*Analysis!$E$28+K$8*Analysis!$F$28+K$9*Analysis!$G$28 -> 0 | L15: =MAX(D15:I15) -> 0 | M15: =MIN(D15:I15) -> 0 | N15: =MAX(L15,-M15) -> 0 | O15: N
A16: 7 | B16: Module UDL, normal component | C16: qnm | D16: =D$6*Analysis!$D$29+D$7*Analysis!$E$29+D$8*Analysis!$F$29+D$9*Analysis!$G$29 -> -0.18586879 | E16: =E$6*Analysis!$D$29+E$7*Analysis!$E$29+E$8*Analysis!$F$29+E$9*Analysis!$G$29 -> -0.11152127 | F16: =F$6*Analysis!$D$29+F$7*Analysis!$E$29+F$8*Analysis!$F$29+F$9*Analysis!$G$29 -> -0.18255279 | G16: =G$6*Analysis!$D$29+G$7*Analysis!$E$29+G$8*Analysis!$F$29+G$9*Analysis!$G$29 -> -0.18918478 | H16: =H$6*Analysis!$D$29+H$7*Analysis!$E$29+H$8*Analysis!$F$29+H$9*Analysis!$G$29 -> -0.10820527 | I16: =I$6*Analysis!$D$29+I$7*Analysis!$E$29+I$8*Analysis!$F$29+I$9*Analysis!$G$29 -> -0.11483727 | J16: =J$6*Analysis!$D$29+J$7*Analysis!$E$29+J$8*Analysis!$F$29+J$9*Analysis!$G$29 -> -0.12391252 | K16: =K$6*Analysis!$D$29+K$7*Analysis!$E$29+K$8*Analysis!$F$29+K$9*Analysis!$G$29 -> -0.12391252 | L16: =MAX(D16:I16) -> -0.10820527 | M16: =MIN(D16:I16) -> -0.18918478 | N16: =MAX(L16,-M16) -> 0.18918478 | O16: N/mm
A17: 8 | B17: Rafter UDL, normal component | C17: qnr | D17: =D$6*Analysis!$D$31+D$7*Analysis!$E$31+D$8*Analysis!$F$31+D$9*Analysis!$G$31 -> -0.058369783 | E17: =E$6*Analysis!$D$31+E$7*Analysis!$E$31+E$8*Analysis!$F$31+E$9*Analysis!$G$31 -> -0.03502187 | F17: =F$6*Analysis!$D$31+F$7*Analysis!$E$31+F$8*Analysis!$F$31+F$9*Analysis!$G$31 -> -0.057328436 | G17: =G$6*Analysis!$D$31+G$7*Analysis!$E$31+G$8*Analysis!$F$31+G$9*Analysis!$G$31 -> -0.059411131 | H17: =H$6*Analysis!$D$31+H$7*Analysis!$E$31+H$8*Analysis!$F$31+H$9*Analysis!$G$31 -> -0.033980522 | I17: =I$6*Analysis!$D$31+I$7*Analysis!$E$31+I$8*Analysis!$F$31+I$9*Analysis!$G$31 -> -0.036063217 | J17: =J$6*Analysis!$D$31+J$7*Analysis!$E$31+J$8*Analysis!$F$31+J$9*Analysis!$G$31 -> -0.038913189 | K17: =K$6*Analysis!$D$31+K$7*Analysis!$E$31+K$8*Analysis!$F$31+K$9*Analysis!$G$31 -> -0.038913189 | L17: =MAX(D17:I17) -> -0.033980522 | M17: =MIN(D17:I17) -> -0.059411131 | N17: =MAX(L17,-M17) -> 0.059411131 | O17: N/mm
A18: 9 | B18: Total distributed normal load (deflection) | C18: qn | D18: =D$6*Analysis!$D$33+D$7*Analysis!$E$33+D$8*Analysis!$F$33+D$9*Analysis!$G$33 -> -0.24423857 | E18: =E$6*Analysis!$D$33+E$7*Analysis!$E$33+E$8*Analysis!$F$33+E$9*Analysis!$G$33 -> -0.14654314 | F18: =F$6*Analysis!$D$33+F$7*Analysis!$E$33+F$8*Analysis!$F$33+F$9*Analysis!$G$33 -> -0.23988122 | G18: =G$6*Analysis!$D$33+G$7*Analysis!$E$33+G$8*Analysis!$F$33+G$9*Analysis!$G$33 -> -0.24859591 | H18: =H$6*Analysis!$D$33+H$7*Analysis!$E$33+H$8*Analysis!$F$33+H$9*Analysis!$G$33 -> -0.1421858 | I18: =I$6*Analysis!$D$33+I$7*Analysis!$E$33+I$8*Analysis!$F$33+I$9*Analysis!$G$33 -> -0.15090048 | J18: =J$6*Analysis!$D$33+J$7*Analysis!$E$33+J$8*Analysis!$F$33+J$9*Analysis!$G$33 -> -0.16282571 | K18: =K$6*Analysis!$D$33+K$7*Analysis!$E$33+K$8*Analysis!$F$33+K$9*Analysis!$G$33 -> -0.16282571 | L18: =MAX(D18:I18) -> -0.1421858 | M18: =MIN(D18:I18) -> -0.24859591 | N18: =MAX(L18,-M18) -> 0.24859591 | O18: N/mm
A19: 10 | B19: Axial in rafter, at B (tension +) | C19: N_0 | D19: =D$6*Analysis!$D$34+D$7*Analysis!$E$34+D$8*Analysis!$F$34+D$9*Analysis!$G$34 -> 104.14446 | E19: =E$6*Analysis!$D$34+E$7*Analysis!$E$34+E$8*Analysis!$F$34+E$9*Analysis!$G$34 -> -127.24581 | F19: =F$6*Analysis!$D$34+F$7*Analysis!$E$34+F$8*Analysis!$F$34+F$9*Analysis!$G$34 -> 24.404089 | G19: =G$6*Analysis!$D$34+G$7*Analysis!$E$34+G$8*Analysis!$F$34+G$9*Analysis!$G$34 -> 25.29067 | H19: =H$6*Analysis!$D$34+H$7*Analysis!$E$34+H$8*Analysis!$F$34+H$9*Analysis!$G$34 -> 14.465138 | I19: =I$6*Analysis!$D$34+I$7*Analysis!$E$34+I$8*Analysis!$F$34+I$9*Analysis!$G$34 -> 15.351718 | J19: =J$6*Analysis!$D$34+J$7*Analysis!$E$34+J$8*Analysis!$F$34+J$9*Analysis!$G$34 -> 69.429643 | K19: =K$6*Analysis!$D$34+K$7*Analysis!$E$34+K$8*Analysis!$F$34+K$9*Analysis!$G$34 -> -78.204572 | L19: =MAX(D19:I19) -> 104.14446 | M19: =MIN(D19:I19) -> -127.24581 | N19: =MAX(L19,-M19) -> 127.24581 | O19: N
A20: 11 | B20: Axial in rafter, start of module contact (tension +) | C20: N_a | D20: =D$6*Analysis!$D$35+D$7*Analysis!$E$35+D$8*Analysis!$F$35+D$9*Analysis!$G$35 -> 103.97229 | E20: =E$6*Analysis!$D$35+E$7*Analysis!$E$35+E$8*Analysis!$F$35+E$9*Analysis!$G$35 -> -127.34912 | F20: =F$6*Analysis!$D$35+F$7*Analysis!$E$35+F$8*Analysis!$F$35+F$9*Analysis!$G$35 -> 24.1354 | G20: =G$6*Analysis!$D$35+G$7*Analysis!$E$35+G$8*Analysis!$F$35+G$9*Analysis!$G$35 -> 25.215001 | H20: =H$6*Analysis!$D$35+H$7*Analysis!$E$35+H$8*Analysis!$F$35+H$9*Analysis!$G$35 -> 14.26532 | I20: =I$6*Analysis!$D$35+I$7*Analysis!$E$35+I$8*Analysis!$F$35+I$9*Analysis!$G$35 -> 15.344921 | J20: =J$6*Analysis!$D$35+J$7*Analysis!$E$35+J$8*Analysis!$F$35+J$9*Analysis!$G$35 -> 69.314857 | K20: =K$6*Analysis!$D$35+K$7*Analysis!$E$35+K$8*Analysis!$F$35+K$9*Analysis!$G$35 -> -78.319358 | L20: =MAX(D20:I20) -> 103.97229 | M20: =MIN(D20:I20) -> -127.34912 | N20: =MAX(L20,-M20) -> 127.34912 | O20: N
A21: 12 | B21: Axial in rafter, just before module bolt 1 (tension +) | C21: N_1m | D21: =D$6*Analysis!$D$36+D$7*Analysis!$E$36+D$8*Analysis!$F$36+D$9*Analysis!$G$36 -> 102.97028 | E21: =E$6*Analysis!$D$36+E$7*Analysis!$E$36+E$8*Analysis!$F$36+E$9*Analysis!$G$36 -> -127.95032 | F21: =F$6*Analysis!$D$36+F$7*Analysis!$E$36+F$8*Analysis!$F$36+F$9*Analysis!$G$36 -> 22.571752 | G21: =G$6*Analysis!$D$36+G$7*Analysis!$E$36+G$8*Analysis!$F$36+G$9*Analysis!$G$36 -> 24.774642 | H21: =H$6*Analysis!$D$36+H$7*Analysis!$E$36+H$8*Analysis!$F$36+H$9*Analysis!$G$36 -> 13.102473 | I21: =I$6*Analysis!$D$36+I$7*Analysis!$E$36+I$8*Analysis!$F$36+I$9*Analysis!$G$36 -> 15.305363 | J21: =J$6*Analysis!$D$36+J$7*Analysis!$E$36+J$8*Analysis!$F$36+J$9*Analysis!$G$36 -> 68.646854 | K21: =K$6*Analysis!$D$36+K$7*Analysis!$E$36+K$8*Analysis!$F$36+K$9*Analysis!$G$36 -> -78.987361 | L21: =MAX(D21:I21) -> 102.97028 | M21: =MIN(D21:I21) -> -127.95032 | N21: =MAX(L21,-M21) -> 127.95032 | O21: N
A22: 13 | B22: Axial in rafter, just after module bolt 1 (tension +) | C22: N_1p | D22: =D$6*Analysis!$D$37+D$7*Analysis!$E$37+D$8*Analysis!$F$37+D$9*Analysis!$G$37 -> 102.97028 | E22: =E$6*Analysis!$D$37+E$7*Analysis!$E$37+E$8*Analysis!$F$37+E$9*Analysis!$G$37 -> -127.95032 | F22: =F$6*Analysis!$D$37+F$7*Analysis!$E$37+F$8*Analysis!$F$37+F$9*Analysis!$G$37 -> 22.571752 | G22: =G$6*Analysis!$D$37+G$7*Analysis!$E$37+G$8*Analysis!$F$37+G$9*Analysis!$G$37 -> 24.774642 | H22: =H$6*Analysis!$D$37+H$7*Analysis!$E$37+H$8*Analysis!$F$37+H$9*Analysis!$G$37 -> 13.102473 | I22: =I$6*Analysis!$D$37+I$7*Analysis!$E$37+I$8*Analysis!$F$37+I$9*Analysis!$G$37 -> 15.305363 | J22: =J$6*Analysis!$D$37+J$7*Analysis!$E$37+J$8*Analysis!$F$37+J$9*Analysis!$G$37 -> 68.646854 | K22: =K$6*Analysis!$D$37+K$7*Analysis!$E$37+K$8*Analysis!$F$37+K$9*Analysis!$G$37 -> -78.987361 | L22: =MAX(D22:I22) -> 102.97028 | M22: =MIN(D22:I22) -> -127.95032 | N22: =MAX(L22,-M22) -> 127.95032 | O22: N
A23: 14 | B23: Axial in rafter, just before module bolt 2 (tension +) | C23: N_2m | D23: =D$6*Analysis!$D$38+D$7*Analysis!$E$38+D$8*Analysis!$F$38+D$9*Analysis!$G$38 -> 55.56201 | E23: =E$6*Analysis!$D$38+E$7*Analysis!$E$38+E$8*Analysis!$F$38+E$9*Analysis!$G$38 -> -156.39528 | F23: =F$6*Analysis!$D$38+F$7*Analysis!$E$38+F$8*Analysis!$F$38+F$9*Analysis!$G$38 -> -51.409884 | G23: =G$6*Analysis!$D$38+G$7*Analysis!$E$38+G$8*Analysis!$F$38+G$9*Analysis!$G$38 -> 3.9397351 | H23: =H$6*Analysis!$D$38+H$7*Analysis!$E$38+H$8*Analysis!$F$38+H$9*Analysis!$G$38 -> -41.915854 | I23: =I$6*Analysis!$D$38+I$7*Analysis!$E$38+I$8*Analysis!$F$38+I$9*Analysis!$G$38 -> 13.433765 | J23: =J$6*Analysis!$D$38+J$7*Analysis!$E$38+J$8*Analysis!$F$38+J$9*Analysis!$G$38 -> 37.04134 | K23: =K$6*Analysis!$D$38+K$7*Analysis!$E$38+K$8*Analysis!$F$38+K$9*Analysis!$G$38 -> -110.59288 | L23: =MAX(D23:I23) -> 55.56201 | M23: =MIN(D23:I23) -> -156.39528 | N23: =MAX(L23,-M23) -> 156.39528 | O23: N
A24: 15 | B24: Axial in rafter, just after module bolt 2 (tension +) | C24: N_2p | D24: =D$6*Analysis!$D$39+D$7*Analysis!$E$39+D$8*Analysis!$F$39+D$9*Analysis!$G$39 -> 55.56201 | E24: =E$6*Analysis!$D$39+E$7*Analysis!$E$39+E$8*Analysis!$F$39+E$9*Analysis!$G$39 -> -156.39528 | F24: =F$6*Analysis!$D$39+F$7*Analysis!$E$39+F$8*Analysis!$F$39+F$9*Analysis!$G$39 -> -51.409884 | G24: =G$6*Analysis!$D$39+G$7*Analysis!$E$39+G$8*Analysis!$F$39+G$9*Analysis!$G$39 -> 3.9397351 | H24: =H$6*Analysis!$D$39+H$7*Analysis!$E$39+H$8*Analysis!$F$39+H$9*Analysis!$G$39 -> -41.915854 | I24: =I$6*Analysis!$D$39+I$7*Analysis!$E$39+I$8*Analysis!$F$39+I$9*Analysis!$G$39 -> 13.433765 | J24: =J$6*Analysis!$D$39+J$7*Analysis!$E$39+J$8*Analysis!$F$39+J$9*Analysis!$G$39 -> 37.04134 | K24: =K$6*Analysis!$D$39+K$7*Analysis!$E$39+K$8*Analysis!$F$39+K$9*Analysis!$G$39 -> -110.59288 | L24: =MAX(D24:I24) -> 55.56201 | M24: =MIN(D24:I24) -> -156.39528 | N24: =MAX(L24,-M24) -> 156.39528 | O24: N
A25: 16 | B25: Axial in rafter, end of module contact (tension +) | C25: N_b | D25: =D$6*Analysis!$D$40+D$7*Analysis!$E$40+D$8*Analysis!$F$40+D$9*Analysis!$G$40 -> 54.560007 | E25: =E$6*Analysis!$D$40+E$7*Analysis!$E$40+E$8*Analysis!$F$40+E$9*Analysis!$G$40 -> -156.99648 | F25: =F$6*Analysis!$D$40+F$7*Analysis!$E$40+F$8*Analysis!$F$40+F$9*Analysis!$G$40 -> -52.973532 | G25: =G$6*Analysis!$D$40+G$7*Analysis!$E$40+G$8*Analysis!$F$40+G$9*Analysis!$G$40 -> 3.4993763 | H25: =H$6*Analysis!$D$40+H$7*Analysis!$E$40+H$8*Analysis!$F$40+H$9*Analysis!$G$40 -> -43.078701 | I25: =I$6*Analysis!$D$40+I$7*Analysis!$E$40+I$8*Analysis!$F$40+I$9*Analysis!$G$40 -> 13.394207 | J25: =J$6*Analysis!$D$40+J$7*Analysis!$E$40+J$8*Analysis!$F$40+J$9*Analysis!$G$40 -> 36.373338 | K25: =K$6*Analysis!$D$40+K$7*Analysis!$E$40+K$8*Analysis!$F$40+K$9*Analysis!$G$40 -> -111.26088 | L25: =MAX(D25:I25) -> 54.560007 | M25: =MIN(D25:I25) -> -156.99648 | N25: =MAX(L25,-M25) -> 156.99648 | O25: N
A26: 17 | B26: Axial in rafter, at C (tension +) | C26: N_L | D26: =D$6*Analysis!$D$41+D$7*Analysis!$E$41+D$8*Analysis!$F$41+D$9*Analysis!$G$41 -> 54.402927 | E26: =E$6*Analysis!$D$41+E$7*Analysis!$E$41+E$8*Analysis!$F$41+E$9*Analysis!$G$41 -> -157.09073 | F26: =F$6*Analysis!$D$41+F$7*Analysis!$E$41+F$8*Analysis!$F$41+F$9*Analysis!$G$41 -> -53.218658 | G26: =G$6*Analysis!$D$41+G$7*Analysis!$E$41+G$8*Analysis!$F$41+G$9*Analysis!$G$41 -> 3.4303432 | H26: =H$6*Analysis!$D$41+H$7*Analysis!$E$41+H$8*Analysis!$F$41+H$9*Analysis!$G$41 -> -43.260995 | I26: =I$6*Analysis!$D$41+I$7*Analysis!$E$41+I$8*Analysis!$F$41+I$9*Analysis!$G$41 -> 13.388006 | J26: =J$6*Analysis!$D$41+J$7*Analysis!$E$41+J$8*Analysis!$F$41+J$9*Analysis!$G$41 -> 36.268618 | K26: =K$6*Analysis!$D$41+K$7*Analysis!$E$41+K$8*Analysis!$F$41+K$9*Analysis!$G$41 -> -111.3656 | L26: =MAX(D26:I26) -> 54.402927 | M26: =MIN(D26:I26) -> -157.09073 | N26: =MAX(L26,-M26) -> 157.09073 | O26: N
A27: 18 | B27: Shear in rafter, at B | C27: V_0 | D27: =D$6*Analysis!$D$42+D$7*Analysis!$E$42+D$8*Analysis!$F$42+D$9*Analysis!$G$42 -> -583.75231 | E27: =E$6*Analysis!$D$42+E$7*Analysis!$E$42+E$8*Analysis!$F$42+E$9*Analysis!$G$42 -> 713.24036 | F27: =F$6*Analysis!$D$42+F$7*Analysis!$E$42+F$8*Analysis!$F$42+F$9*Analysis!$G$42 -> -136.79021 | G27: =G$6*Analysis!$D$42+G$7*Analysis!$E$42+G$8*Analysis!$F$42+G$9*Analysis!$G$42 -> -141.75969 | H27: =H$6*Analysis!$D$42+H$7*Analysis!$E$42+H$8*Analysis!$F$42+H$9*Analysis!$G$42 -> -81.080233 | I27: =I$6*Analysis!$D$42+I$7*Analysis!$E$42+I$8*Analysis!$F$42+I$9*Analysis!$G$42 -> -86.049709 | J27: =J$6*Analysis!$D$42+J$7*Analysis!$E$42+J$8*Analysis!$F$42+J$9*Analysis!$G$42 -> -389.16821 | K27: =K$6*Analysis!$D$42+K$7*Analysis!$E$42+K$8*Analysis!$F$42+K$9*Analysis!$G$42 -> 438.35359 | L27: =MAX(D27:I27) -> 713.24036 | M27: =MIN(D27:I27) -> -583.75231 | N27: =MAX(L27,-M27) -> 713.24036 | O27: N
A28: 19 | B28: Shear in rafter, start of module contact | C28: V_a | D28: =D$6*Analysis!$D$43+D$7*Analysis!$E$43+D$8*Analysis!$F$43+D$9*Analysis!$G$43 -> -582.78721 | E28: =E$6*Analysis!$D$43+E$7*Analysis!$E$43+E$8*Analysis!$F$43+E$9*Analysis!$G$43 -> 713.81943 | F28: =F$6*Analysis!$D$43+F$7*Analysis!$E$43+F$8*Analysis!$F$43+F$9*Analysis!$G$43 -> -135.84233 | G28: =G$6*Analysis!$D$43+G$7*Analysis!$E$43+G$8*Analysis!$F$43+G$9*Analysis!$G$43 -> -140.77737 | H28: =H$6*Analysis!$D$43+H$7*Analysis!$E$43+H$8*Analysis!$F$43+H$9*Analysis!$G$43 -> -80.51839 | I28: =I$6*Analysis!$D$43+I$7*Analysis!$E$43+I$8*Analysis!$F$43+I$9*Analysis!$G$43 -> -85.453431 | J28: =J$6*Analysis!$D$43+J$7*Analysis!$E$43+J$8*Analysis!$F$43+J$9*Analysis!$G$43 -> -388.52481 | K28: =K$6*Analysis!$D$43+K$7*Analysis!$E$43+K$8*Analysis!$F$43+K$9*Analysis!$G$43 -> 438.99699 | L28: =MAX(D28:I28) -> 713.81943 | M28: =MIN(D28:I28) -> -582.78721 | N28: =MAX(L28,-M28) -> 713.81943 | O28: N
A29: 20 | B29: Shear in rafter, just before module bolt 1 | C29: V_1m | D29: =D$6*Analysis!$D$44+D$7*Analysis!$E$44+D$8*Analysis!$F$44+D$9*Analysis!$G$44 -> -577.17076 | E29: =E$6*Analysis!$D$44+E$7*Analysis!$E$44+E$8*Analysis!$F$44+E$9*Analysis!$G$44 -> 717.18929 | F29: =F$6*Analysis!$D$44+F$7*Analysis!$E$44+F$8*Analysis!$F$44+F$9*Analysis!$G$44 -> -130.32608 | G29: =G$6*Analysis!$D$44+G$7*Analysis!$E$44+G$8*Analysis!$F$44+G$9*Analysis!$G$44 -> -135.06072 | H29: =H$6*Analysis!$D$44+H$7*Analysis!$E$44+H$8*Analysis!$F$44+H$9*Analysis!$G$44 -> -77.248723 | I29: =I$6*Analysis!$D$44+I$7*Analysis!$E$44+I$8*Analysis!$F$44+I$9*Analysis!$G$44 -> -81.983362 | J29: =J$6*Analysis!$D$44+J$7*Analysis!$E$44+J$8*Analysis!$F$44+J$9*Analysis!$G$44 -> -384.78051 | K29: =K$6*Analysis!$D$44+K$7*Analysis!$E$44+K$8*Analysis!$F$44+K$9*Analysis!$G$44 -> 442.74129 | L29: =MAX(D29:I29) -> 717.18929 | M29: =MIN(D29:I29) -> -577.17076 | N29: =MAX(L29,-M29) -> 717.18929 | O29: N
A30: 21 | B30: Shear in rafter, just after module bolt 1 | C30: V_1p | D30: =D$6*Analysis!$D$45+D$7*Analysis!$E$45+D$8*Analysis!$F$45+D$9*Analysis!$G$45 -> -132.1398 | E30: =E$6*Analysis!$D$45+E$7*Analysis!$E$45+E$8*Analysis!$F$45+E$9*Analysis!$G$45 -> -80.608483 | F30: =F$6*Analysis!$D$45+F$7*Analysis!$E$45+F$8*Analysis!$F$45+F$9*Analysis!$G$45 -> -130.32608 | G30: =G$6*Analysis!$D$45+G$7*Analysis!$E$45+G$8*Analysis!$F$45+G$9*Analysis!$G$45 -> -135.06072 | H30: =H$6*Analysis!$D$45+H$7*Analysis!$E$45+H$8*Analysis!$F$45+H$9*Analysis!$G$45 -> -77.248723 | I30: =I$6*Analysis!$D$45+I$7*Analysis!$E$45+I$8*Analysis!$F$45+I$9*Analysis!$G$45 -> -81.983362 | J30: =J$6*Analysis!$D$45+J$7*Analysis!$E$45+J$8*Analysis!$F$45+J$9*Analysis!$G$45 -> -88.093198 | K30: =K$6*Analysis!$D$45+K$7*Analysis!$E$45+K$8*Analysis!$F$45+K$9*Analysis!$G$45 -> -89.123896 | L30: =MAX(D30:I30) -> -77.248723 | M30: =MIN(D30:I30) -> -135.06072 | N30: =MAX(L30,-M30) -> 135.06072 | O30: N
A31: 22 | B31: Shear in rafter, just before module bolt 2 | C31: V_2m | D31: =D$6*Analysis!$D$46+D$7*Analysis!$E$46+D$8*Analysis!$F$46+D$9*Analysis!$G$46 -> 133.59385 | E31: =E$6*Analysis!$D$46+E$7*Analysis!$E$46+E$8*Analysis!$F$46+E$9*Analysis!$G$46 -> 78.831703 | F31: =F$6*Analysis!$D$46+F$7*Analysis!$E$46+F$8*Analysis!$F$46+F$9*Analysis!$G$46 -> 130.66673 | G31: =G$6*Analysis!$D$46+G$7*Analysis!$E$46+G$8*Analysis!$F$46+G$9*Analysis!$G$46 -> 135.41375 | H31: =H$6*Analysis!$D$46+H$7*Analysis!$E$46+H$8*Analysis!$F$46+H$9*Analysis!$G$46 -> 77.450636 | I31: =I$6*Analysis!$D$46+I$7*Analysis!$E$46+I$8*Analysis!$F$46+I$9*Analysis!$G$46 -> 82.197651 | J31: =J$6*Analysis!$D$46+J$7*Analysis!$E$46+J$8*Analysis!$F$46+J$9*Analysis!$G$46 -> 89.062564 | K31: =K$6*Analysis!$D$46+K$7*Analysis!$E$46+K$8*Analysis!$F$46+K$9*Analysis!$G$46 -> 88.031866 | L31: =MAX(D31:I31) -> 135.41375 | M31: =MIN(D31:I31) -> 77.450636 | N31: =MAX(L31,-M31) -> 135.41375 | O31: N
A32: 23 | B32: Shear in rafter, just after module bolt 2 | C32: V_2p | D32: =D$6*Analysis!$D$47+D$7*Analysis!$E$47+D$8*Analysis!$F$47+D$9*Analysis!$G$47 -> 578.62481 | E32: =E$6*Analysis!$D$47+E$7*Analysis!$E$47+E$8*Analysis!$F$47+E$9*Analysis!$G$47 -> -718.96607 | F32: =F$6*Analysis!$D$47+F$7*Analysis!$E$47+F$8*Analysis!$F$47+F$9*Analysis!$G$47 -> 130.66673 | G32: =G$6*Analysis!$D$47+G$7*Analysis!$E$47+G$8*Analysis!$F$47+G$9*Analysis!$G$47 -> 135.41375 | H32: =H$6*Analysis!$D$47+H$7*Analysis!$E$47+H$8*Analysis!$F$47+H$9*Analysis!$G$47 -> 77.450636 | I32: =I$6*Analysis!$D$47+I$7*Analysis!$E$47+I$8*Analysis!$F$47+I$9*Analysis!$G$47 -> 82.197651 | J32: =J$6*Analysis!$D$47+J$7*Analysis!$E$47+J$8*Analysis!$F$47+J$9*Analysis!$G$47 -> 385.74987 | K32: =K$6*Analysis!$D$47+K$7*Analysis!$E$47+K$8*Analysis!$F$47+K$9*Analysis!$G$47 -> -443.83332 | L32: =MAX(D32:I32) -> 578.62481 | M32: =MIN(D32:I32) -> -718.96607 | N32: =MAX(L32,-M32) -> 718.96607 | O32: N
A33: 24 | B33: Shear in rafter, end of module contact | C33: V_b | D33: =D$6*Analysis!$D$48+D$7*Analysis!$E$48+D$8*Analysis!$F$48+D$9*Analysis!$G$48 -> 584.24126 | E33: =E$6*Analysis!$D$48+E$7*Analysis!$E$48+E$8*Analysis!$F$48+E$9*Analysis!$G$48 -> -715.5962 | F33: =F$6*Analysis!$D$48+F$7*Analysis!$E$48+F$8*Analysis!$F$48+F$9*Analysis!$G$48 -> 136.18298 | G33: =G$6*Analysis!$D$48+G$7*Analysis!$E$48+G$8*Analysis!$F$48+G$9*Analysis!$G$48 -> 141.13039 | H33: =H$6*Analysis!$D$48+H$7*Analysis!$E$48+H$8*Analysis!$F$48+H$9*Analysis!$G$48 -> 80.720304 | I33: =I$6*Analysis!$D$48+I$7*Analysis!$E$48+I$8*Analysis!$F$48+I$9*Analysis!$G$48 -> 85.667719 | J33: =J$6*Analysis!$D$48+J$7*Analysis!$E$48+J$8*Analysis!$F$48+J$9*Analysis!$G$48 -> 389.49417 | K33: =K$6*Analysis!$D$48+K$7*Analysis!$E$48+K$8*Analysis!$F$48+K$9*Analysis!$G$48 -> -440.08902 | L33: =MAX(D33:I33) -> 584.24126 | M33: =MIN(D33:I33) -> -715.5962 | N33: =MAX(L33,-M33) -> 715.5962 | O33: N
A34: 25 | B34: Shear in rafter, at C | C34: V_L | D34: =D$6*Analysis!$D$49+D$7*Analysis!$E$49+D$8*Analysis!$F$49+D$9*Analysis!$G$49 -> 585.12172 | E34: =E$6*Analysis!$D$49+E$7*Analysis!$E$49+E$8*Analysis!$F$49+E$9*Analysis!$G$49 -> -715.06793 | F34: =F$6*Analysis!$D$49+F$7*Analysis!$E$49+F$8*Analysis!$F$49+F$9*Analysis!$G$49 -> 137.04774 | G34: =G$6*Analysis!$D$49+G$7*Analysis!$E$49+G$8*Analysis!$F$49+G$9*Analysis!$G$49 -> 142.02657 | H34: =H$6*Analysis!$D$49+H$7*Analysis!$E$49+H$8*Analysis!$F$49+H$9*Analysis!$G$49 -> 81.232875 | I34: =I$6*Analysis!$D$49+I$7*Analysis!$E$49+I$8*Analysis!$F$49+I$9*Analysis!$G$49 -> 86.211706 | J34: =J$6*Analysis!$D$49+J$7*Analysis!$E$49+J$8*Analysis!$F$49+J$9*Analysis!$G$49 -> 390.08115 | K34: =K$6*Analysis!$D$49+K$7*Analysis!$E$49+K$8*Analysis!$F$49+K$9*Analysis!$G$49 -> -439.50204 | L34: =MAX(D34:I34) -> 585.12172 | M34: =MIN(D34:I34) -> -715.06793 | N34: =MAX(L34,-M34) -> 715.06793 | O34: N
A35: 26 | B35: Moment at module bolt 1 (closed-form sign = -sagging) | C35: Minc1 | D35: =D$6*Analysis!$D$50+D$7*Analysis!$E$50+D$8*Analysis!$F$50+D$9*Analysis!$G$50 -> -22980.98 | E35: =E$6*Analysis!$D$50+E$7*Analysis!$E$50+E$8*Analysis!$F$50+E$9*Analysis!$G$50 -> 28251.241 | F35: =F$6*Analysis!$D$50+F$7*Analysis!$E$50+F$8*Analysis!$F$50+F$9*Analysis!$G$50 -> -5314.2585 | G35: =G$6*Analysis!$D$50+G$7*Analysis!$E$50+G$8*Analysis!$F$50+G$9*Analysis!$G$50 -> -5507.3212 | H35: =H$6*Analysis!$D$50+H$7*Analysis!$E$50+H$8*Analysis!$F$50+H$9*Analysis!$G$50 -> -3149.9426 | I35: =I$6*Analysis!$D$50+I$7*Analysis!$E$50+I$8*Analysis!$F$50+I$9*Analysis!$G$50 -> -3343.0052 | J35: =J$6*Analysis!$D$50+J$7*Analysis!$E$50+J$8*Analysis!$F$50+J$9*Analysis!$G$50 -> -15320.653 | K35: =K$6*Analysis!$D$50+K$7*Analysis!$E$50+K$8*Analysis!$F$50+K$9*Analysis!$G$50 -> 17391.283 | L35: =MAX(D35:I35) -> 28251.241 | M35: =MIN(D35:I35) -> -22980.98 | N35: =MAX(L35,-M35) -> 28251.241 | O35: N.mm
A36: 27 | B36: Moment at module bolt 2 | C36: Minc2 | D36: =D$6*Analysis!$D$51+D$7*Analysis!$E$51+D$8*Analysis!$F$51+D$9*Analysis!$G$51 -> -22189.97 | E36: =E$6*Analysis!$D$51+E$7*Analysis!$E$51+E$8*Analysis!$F$51+E$9*Analysis!$G$51 -> 27284.665 | F36: =F$6*Analysis!$D$51+F$7*Analysis!$E$51+F$8*Analysis!$F$51+F$9*Analysis!$G$51 -> -5128.9448 | G36: =G$6*Analysis!$D$51+G$7*Analysis!$E$51+G$8*Analysis!$F$51+G$9*Analysis!$G$51 -> -5315.2752 | H36: =H$6*Analysis!$D$51+H$7*Analysis!$E$51+H$8*Analysis!$F$51+H$9*Analysis!$G$51 -> -3040.1008 | I36: =I$6*Analysis!$D$51+I$7*Analysis!$E$51+I$8*Analysis!$F$51+I$9*Analysis!$G$51 -> -3226.4312 | J36: =J$6*Analysis!$D$51+J$7*Analysis!$E$51+J$8*Analysis!$F$51+J$9*Analysis!$G$51 -> -14793.314 | K36: =K$6*Analysis!$D$51+K$7*Analysis!$E$51+K$8*Analysis!$F$51+K$9*Analysis!$G$51 -> 16797.214 | L36: =MAX(D36:I36) -> 27284.665 | M36: =MIN(D36:I36) -> -22189.97 | N36: =MAX(L36,-M36) -> 27284.665 | O36: N.mm
A37: 28 | B37: Moment at node M (mid of module bolts) | C37: MincM | D37: =D$6*Analysis!$D$52+D$7*Analysis!$E$52+D$8*Analysis!$F$52+D$9*Analysis!$G$52 -> -58725.534 | E37: =E$6*Analysis!$D$52+E$7*Analysis!$E$52+E$8*Analysis!$F$52+E$9*Analysis!$G$52 -> 6083.9182 | F37: =F$6*Analysis!$D$52+F$7*Analysis!$E$52+F$8*Analysis!$F$52+F$9*Analysis!$G$52 -> -40716.903 | G37: =G$6*Analysis!$D$52+G$7*Analysis!$E$52+G$8*Analysis!$F$52+G$9*Analysis!$G$52 -> -42196.114 | H37: =H$6*Analysis!$D$52+H$7*Analysis!$E$52+H$8*Analysis!$F$52+H$9*Analysis!$G$52 -> -24134.299 | I37: =I$6*Analysis!$D$52+I$7*Analysis!$E$52+I$8*Analysis!$F$52+I$9*Analysis!$G$52 -> -25613.511 | J37: =J$6*Analysis!$D$52+J$7*Analysis!$E$52+J$8*Analysis!$F$52+J$9*Analysis!$G$52 -> -39150.356 | K37: =K$6*Analysis!$D$52+K$7*Analysis!$E$52+K$8*Analysis!$F$52+K$9*Analysis!$G$52 -> -6999.1234 | L37: =MAX(D37:I37) -> 6083.9182 | M37: =MIN(D37:I37) -> -58725.534 | N37: =MAX(L37,-M37) -> 58725.534 | O37: N.mm
A38: 29 | B38: Axial in base A-J1 (tension +) | C38: NbA | D38: =D$6*Analysis!$D$59+D$7*Analysis!$E$59+D$8*Analysis!$F$59+D$9*Analysis!$G$59 -> 0 | E38: =E$6*Analysis!$D$59+E$7*Analysis!$E$59+E$8*Analysis!$F$59+E$9*Analysis!$G$59 -> 0 | F38: =F$6*Analysis!$D$59+F$7*Analysis!$E$59+F$8*Analysis!$F$59+F$9*Analysis!$G$59 -> -4.8126885 | G38: =G$6*Analysis!$D$59+G$7*Analysis!$E$59+G$8*Analysis!$F$59+G$9*Analysis!$G$59 -> 4.8126885 | H38: =H$6*Analysis!$D$59+H$7*Analysis!$E$59+H$8*Analysis!$F$59+H$9*Analysis!$G$59 -> -4.8126885 | I38: =I$6*Analysis!$D$59+I$7*Analysis!$E$59+I$8*Analysis!$F$59+I$9*Analysis!$G$59 -> 4.8126885 | J38: =J$6*Analysis!$D$59+J$7*Analysis!$E$59+J$8*Analysis!$F$59+J$9*Analysis!$G$59 -> 0 | K38: =K$6*Analysis!$D$59+K$7*Analysis!$E$59+K$8*Analysis!$F$59+K$9*Analysis!$G$59 -> 0 | L38: =MAX(D38:I38) -> 4.8126885 | M38: =MIN(D38:I38) -> -4.8126885 | N38: =MAX(L38,-M38) -> 4.8126885 | O38: N
A39: 30 | B39: Axial in base J1-C (tension +) | C39: NbC | D39: =D$6*Analysis!$D$60+D$7*Analysis!$E$60+D$8*Analysis!$F$60+D$9*Analysis!$G$60 -> -156.32342 | E39: =E$6*Analysis!$D$60+E$7*Analysis!$E$60+E$8*Analysis!$F$60+E$9*Analysis!$G$60 -> 280.23776 | F39: =F$6*Analysis!$D$60+F$7*Analysis!$E$60+F$8*Analysis!$F$60+F$9*Analysis!$G$60 -> 31.707692 | G39: =G$6*Analysis!$D$60+G$7*Analysis!$E$60+G$8*Analysis!$F$60+G$9*Analysis!$G$60 -> -31.707692 | H39: =H$6*Analysis!$D$60+H$7*Analysis!$E$60+H$8*Analysis!$F$60+H$9*Analysis!$G$60 -> 31.707692 | I39: =I$6*Analysis!$D$60+I$7*Analysis!$E$60+I$8*Analysis!$F$60+I$9*Analysis!$G$60 -> -31.707692 | J39: =J$6*Analysis!$D$60+J$7*Analysis!$E$60+J$8*Analysis!$F$60+J$9*Analysis!$G$60 -> -104.21562 | K39: =K$6*Analysis!$D$60+K$7*Analysis!$E$60+K$8*Analysis!$F$60+K$9*Analysis!$G$60 -> 186.82517 | L39: =MAX(D39:I39) -> 280.23776 | M39: =MIN(D39:I39) -> -156.32342 | N39: =MAX(L39,-M39) -> 280.23776 | O39: N
A40: 31 | B40: Horizontal reaction at J1 (restraint in x) | C40: RH1 | D40: =D$6*Analysis!$D$58+D$7*Analysis!$E$58+D$8*Analysis!$F$58+D$9*Analysis!$G$58 -> 156.32342 | E40: =E$6*Analysis!$D$58+E$7*Analysis!$E$58+E$8*Analysis!$F$58+E$9*Analysis!$G$58 -> -280.23776 | F40: =F$6*Analysis!$D$58+F$7*Analysis!$E$58+F$8*Analysis!$F$58+F$9*Analysis!$G$58 -> -36.520381 | G40: =G$6*Analysis!$D$58+G$7*Analysis!$E$58+G$8*Analysis!$F$58+G$9*Analysis!$G$58 -> 36.520381 | H40: =H$6*Analysis!$D$58+H$7*Analysis!$E$58+H$8*Analysis!$F$58+H$9*Analysis!$G$58 -> -36.520381 | I40: =I$6*Analysis!$D$58+I$7*Analysis!$E$58+I$8*Analysis!$F$58+I$9*Analysis!$G$58 -> 36.520381 | J40: =J$6*Analysis!$D$58+J$7*Analysis!$E$58+J$8*Analysis!$F$58+J$9*Analysis!$G$58 -> 104.21562 | K40: =K$6*Analysis!$D$58+K$7*Analysis!$E$58+K$8*Analysis!$F$58+K$9*Analysis!$G$58 -> -186.82517 | L40: =MAX(D40:I40) -> 156.32342 | M40: =MIN(D40:I40) -> -280.23776 | N40: =MAX(L40,-M40) -> 280.23776 | O40: N
A41: 32 | B41: Support moment at J1 (sagging +) | C41: M1 | D41: =D$6*Analysis!$D$61+D$7*Analysis!$E$61+D$8*Analysis!$F$61+D$9*Analysis!$G$61 -> -90390.762 | E41: =E$6*Analysis!$D$61+E$7*Analysis!$E$61+E$8*Analysis!$F$61+E$9*Analysis!$G$61 -> 105107.41 | F41: =F$6*Analysis!$D$61+F$7*Analysis!$E$61+F$8*Analysis!$F$61+F$9*Analysis!$G$61 -> -23422.896 | G41: =G$6*Analysis!$D$61+G$7*Analysis!$E$61+G$8*Analysis!$F$61+G$9*Analysis!$G$61 -> -24167.467 | H41: =H$6*Analysis!$D$61+H$7*Analysis!$E$61+H$8*Analysis!$F$61+H$9*Analysis!$G$61 -> -13904.823 | I41: =I$6*Analysis!$D$61+I$7*Analysis!$E$61+I$8*Analysis!$F$61+I$9*Analysis!$G$61 -> -14649.395 | J41: =J$6*Analysis!$D$61+J$7*Analysis!$E$61+J$8*Analysis!$F$61+J$9*Analysis!$G$61 -> -60260.508 | K41: =K$6*Analysis!$D$61+K$7*Analysis!$E$61+K$8*Analysis!$F$61+K$9*Analysis!$G$61 -> 63726.222 | L41: =MAX(D41:I41) -> 105107.41 | M41: =MIN(D41:I41) -> -90390.762 | N41: =MAX(L41,-M41) -> 105107.41 | O41: N.mm
A42: 33 | B42: Support moment at J2 | C42: M2 | D42: =D$6*Analysis!$D$65+D$7*Analysis!$E$65+D$8*Analysis!$F$65+D$9*Analysis!$G$65 -> 5949.8822 | E42: =E$6*Analysis!$D$65+E$7*Analysis!$E$65+E$8*Analysis!$F$65+E$9*Analysis!$G$65 -> -9030.8258 | F42: =F$6*Analysis!$D$65+F$7*Analysis!$E$65+F$8*Analysis!$F$65+F$9*Analysis!$G$65 -> 617.49196 | G42: =G$6*Analysis!$D$65+G$7*Analysis!$E$65+G$8*Analysis!$F$65+G$9*Analysis!$G$65 -> 749.51506 | H42: =H$6*Analysis!$D$65+H$7*Analysis!$E$65+H$8*Analysis!$F$65+H$9*Analysis!$G$65 -> 344.09056 | I42: =I$6*Analysis!$D$65+I$7*Analysis!$E$65+I$8*Analysis!$F$65+I$9*Analysis!$G$65 -> 476.11365 | J42: =J$6*Analysis!$D$65+J$7*Analysis!$E$65+J$8*Analysis!$F$65+J$9*Analysis!$G$65 -> 3966.5882 | K42: =K$6*Analysis!$D$65+K$7*Analysis!$E$65+K$8*Analysis!$F$65+K$9*Analysis!$G$65 -> -5838.2829 | L42: =MAX(D42:I42) -> 5949.8822 | M42: =MIN(D42:I42) -> -9030.8258 | N42: =MAX(L42,-M42) -> 9030.8258 | O42: N.mm
A43: 34 | B43: Support moment at J3 | C43: M3 | D43: =D$6*Analysis!$D$66+D$7*Analysis!$E$66+D$8*Analysis!$F$66+D$9*Analysis!$G$66 -> 5143.1136 | E43: =E$6*Analysis!$D$66+E$7*Analysis!$E$66+E$8*Analysis!$F$66+E$9*Analysis!$G$66 -> -8296.3541 | F43: =F$6*Analysis!$D$66+F$7*Analysis!$E$66+F$8*Analysis!$F$66+F$9*Analysis!$G$66 -> 452.50729 | G43: =G$6*Analysis!$D$66+G$7*Analysis!$E$66+G$8*Analysis!$F$66+G$9*Analysis!$G$66 -> 319.51344 | H43: =H$6*Analysis!$D$66+H$7*Analysis!$E$66+H$8*Analysis!$F$66+H$9*Analysis!$G$66 -> 298.10315 | I43: =I$6*Analysis!$D$66+I$7*Analysis!$E$66+I$8*Analysis!$F$66+I$9*Analysis!$G$66 -> 165.1093 | J43: =J$6*Analysis!$D$66+J$7*Analysis!$E$66+J$8*Analysis!$F$66+J$9*Analysis!$G$66 -> 3428.7424 | K43: =K$6*Analysis!$D$66+K$7*Analysis!$E$66+K$8*Analysis!$F$66+K$9*Analysis!$G$66 -> -5427.9666 | L43: =MAX(D43:I43) -> 5143.1136 | M43: =MIN(D43:I43) -> -8296.3541 | N43: =MAX(L43,-M43) -> 8296.3541 | O43: N.mm
A44: 35 | B44: Support moment at J4 | C44: M4 | D44: =D$6*Analysis!$D$62+D$7*Analysis!$E$62+D$8*Analysis!$F$62+D$9*Analysis!$G$62 -> -85819.073 | E44: =E$6*Analysis!$D$62+E$7*Analysis!$E$62+E$8*Analysis!$F$62+E$9*Analysis!$G$62 -> 100945.4 | F44: =F$6*Analysis!$D$62+F$7*Analysis!$E$62+F$8*Analysis!$F$62+F$9*Analysis!$G$62 -> -22487.983 | G44: =G$6*Analysis!$D$62+G$7*Analysis!$E$62+G$8*Analysis!$F$62+G$9*Analysis!$G$62 -> -21730.791 | H44: =H$6*Analysis!$D$62+H$7*Analysis!$E$62+H$8*Analysis!$F$62+H$9*Analysis!$G$62 -> -13644.228 | I44: =I$6*Analysis!$D$62+I$7*Analysis!$E$62+I$8*Analysis!$F$62+I$9*Analysis!$G$62 -> -12887.037 | J44: =J$6*Analysis!$D$62+J$7*Analysis!$E$62+J$8*Analysis!$F$62+J$9*Analysis!$G$62 -> -57212.715 | K44: =K$6*Analysis!$D$62+K$7*Analysis!$E$62+K$8*Analysis!$F$62+K$9*Analysis!$G$62 -> 61401.097 | L44: =MAX(D44:I44) -> 100945.4 | M44: =MIN(D44:I44) -> -85819.073 | N44: =MAX(L44,-M44) -> 100945.4 | O44: N.mm
A45: 36 | B45: Mid-span moment J1-J2 | C45: Mm1 | D45: =D$6*Analysis!$D$79+D$7*Analysis!$E$79+D$8*Analysis!$F$79+D$9*Analysis!$G$79 -> -42061.378 | E45: =E$6*Analysis!$D$79+E$7*Analysis!$E$79+E$8*Analysis!$F$79+E$9*Analysis!$G$79 -> 48133.727 | F45: =F$6*Analysis!$D$79+F$7*Analysis!$E$79+F$8*Analysis!$F$79+F$9*Analysis!$G$79 -> -11243.64 | G45: =G$6*Analysis!$D$79+G$7*Analysis!$E$79+G$8*Analysis!$F$79+G$9*Analysis!$G$79 -> -11549.914 | H45: =H$6*Analysis!$D$79+H$7*Analysis!$E$79+H$8*Analysis!$F$79+H$9*Analysis!$G$79 -> -6684.9292 | I45: =I$6*Analysis!$D$79+I$7*Analysis!$E$79+I$8*Analysis!$F$79+I$9*Analysis!$G$79 -> -6991.2034 | J45: =J$6*Analysis!$D$79+J$7*Analysis!$E$79+J$8*Analysis!$F$79+J$9*Analysis!$G$79 -> -28040.919 | K45: =K$6*Analysis!$D$79+K$7*Analysis!$E$79+K$8*Analysis!$F$79+K$9*Analysis!$G$79 -> 29050.011 | L45: =MAX(D45:I45) -> 48133.727 | M45: =MIN(D45:I45) -> -42061.378 | N45: =MAX(L45,-M45) -> 48133.727 | O45: N.mm
A46: 37 | B46: Mid-span moment J2-J3 | C46: Mm2 | D46: =D$6*Analysis!$D$80+D$7*Analysis!$E$80+D$8*Analysis!$F$80+D$9*Analysis!$G$80 -> 7684.9962 | E46: =E$6*Analysis!$D$80+E$7*Analysis!$E$80+E$8*Analysis!$F$80+E$9*Analysis!$G$80 -> -7380.491 | F46: =F$6*Analysis!$D$80+F$7*Analysis!$E$80+F$8*Analysis!$F$80+F$9*Analysis!$G$80 -> 2673.4979 | G46: =G$6*Analysis!$D$80+G$7*Analysis!$E$80+G$8*Analysis!$F$80+G$9*Analysis!$G$80 -> 2673.0125 | H46: =H$6*Analysis!$D$80+H$7*Analysis!$E$80+H$8*Analysis!$F$80+H$9*Analysis!$G$80 -> 1604.1958 | I46: =I$6*Analysis!$D$80+I$7*Analysis!$E$80+I$8*Analysis!$F$80+I$9*Analysis!$G$80 -> 1603.7104 | J46: =J$6*Analysis!$D$80+J$7*Analysis!$E$80+J$8*Analysis!$F$80+J$9*Analysis!$G$80 -> 5123.3308 | K46: =K$6*Analysis!$D$80+K$7*Analysis!$E$80+K$8*Analysis!$F$80+K$9*Analysis!$G$80 -> -4207.4593 | L46: =MAX(D46:I46) -> 7684.9962 | M46: =MIN(D46:I46) -> -7380.491 | N46: =MAX(L46,-M46) -> 7684.9962 | O46: N.mm
A47: 38 | B47: Mid-span moment J3-J4 | C47: Mm3 | D47: =D$6*Analysis!$D$81+D$7*Analysis!$E$81+D$8*Analysis!$F$81+D$9*Analysis!$G$81 -> -40178.918 | E47: =E$6*Analysis!$D$81+E$7*Analysis!$E$81+E$8*Analysis!$F$81+E$9*Analysis!$G$81 -> 46419.96 | F47: =F$6*Analysis!$D$81+F$7*Analysis!$E$81+F$8*Analysis!$F$81+F$9*Analysis!$G$81 -> -10858.676 | G47: =G$6*Analysis!$D$81+G$7*Analysis!$E$81+G$8*Analysis!$F$81+G$9*Analysis!$G$81 -> -10546.577 | H47: =H$6*Analysis!$D$81+H$7*Analysis!$E$81+H$8*Analysis!$F$81+H$9*Analysis!$G$81 -> -6577.6252 | I47: =I$6*Analysis!$D$81+I$7*Analysis!$E$81+I$8*Analysis!$F$81+I$9*Analysis!$G$81 -> -6265.5265 | J47: =J$6*Analysis!$D$81+J$7*Analysis!$E$81+J$8*Analysis!$F$81+J$9*Analysis!$G$81 -> -26785.945 | K47: =K$6*Analysis!$D$81+K$7*Analysis!$E$81+K$8*Analysis!$F$81+K$9*Analysis!$G$81 -> 28092.606 | L47: =MAX(D47:I47) -> 46419.96 | M47: =MIN(D47:I47) -> -40178.918 | N47: =MAX(L47,-M47) -> 46419.96 | O47: N.mm
A48: 39 | B48: Shear just left of J1 | C48: V1m | D48: =D$6*Analysis!$D$67+D$7*Analysis!$E$67+D$8*Analysis!$F$67+D$9*Analysis!$G$67 -> -616.98968 | E48: =E$6*Analysis!$D$67+E$7*Analysis!$E$67+E$8*Analysis!$F$67+E$9*Analysis!$G$67 -> 710.09001 | F48: =F$6*Analysis!$D$67+F$7*Analysis!$E$67+F$8*Analysis!$F$67+F$9*Analysis!$G$67 -> -162.97025 | G48: =G$6*Analysis!$D$67+G$7*Analysis!$E$67+G$8*Analysis!$F$67+G$9*Analysis!$G$67 -> -168.01819 | H48: =H$6*Analysis!$D$67+H$7*Analysis!$E$67+H$8*Analysis!$F$67+H$9*Analysis!$G$67 -> -96.772561 | I48: =I$6*Analysis!$D$67+I$7*Analysis!$E$67+I$8*Analysis!$F$67+I$9*Analysis!$G$67 -> -101.8205 | J48: =J$6*Analysis!$D$67+J$7*Analysis!$E$67+J$8*Analysis!$F$67+J$9*Analysis!$G$67 -> -411.32645 | K48: =K$6*Analysis!$D$67+K$7*Analysis!$E$67+K$8*Analysis!$F$67+K$9*Analysis!$G$67 -> 429.26155 | L48: =MAX(D48:I48) -> 710.09001 | M48: =MIN(D48:I48) -> -616.98968 | N48: =MAX(L48,-M48) -> 710.09001 | O48: N
A49: 40 | B49: Shear just right of J1 | C49: V1p | D49: =D$6*Analysis!$D$68+D$7*Analysis!$E$68+D$8*Analysis!$F$68+D$9*Analysis!$G$68 -> 646.51261 | E49: =E$6*Analysis!$D$68+E$7*Analysis!$E$68+E$8*Analysis!$F$68+E$9*Analysis!$G$68 -> -758.37655 | F49: =F$6*Analysis!$D$68+F$7*Analysis!$E$68+F$8*Analysis!$F$68+F$9*Analysis!$G$68 -> 164.5109 | G49: =G$6*Analysis!$D$68+G$7*Analysis!$E$68+G$8*Analysis!$F$68+G$9*Analysis!$G$68 -> 170.35486 | H49: =H$6*Analysis!$D$68+H$7*Analysis!$E$68+H$8*Analysis!$F$68+H$9*Analysis!$G$68 -> 97.537748 | I49: =I$6*Analysis!$D$68+I$7*Analysis!$E$68+I$8*Analysis!$F$68+I$9*Analysis!$G$68 -> 103.38171 | J49: =J$6*Analysis!$D$68+J$7*Analysis!$E$68+J$8*Analysis!$F$68+J$9*Analysis!$G$68 -> 431.00841 | K49: =K$6*Analysis!$D$68+K$7*Analysis!$E$68+K$8*Analysis!$F$68+K$9*Analysis!$G$68 -> -460.9356 | L49: =MAX(D49:I49) -> 646.51261 | M49: =MIN(D49:I49) -> -758.37655 | N49: =MAX(L49,-M49) -> 758.37655 | O49: N
A50: 41 | B50: Shear left of J2 | C50: V2m | D50: =D$6*Analysis!$D$70+D$7*Analysis!$E$70+D$8*Analysis!$F$70+D$9*Analysis!$G$70 -> 638.02931 | E50: =E$6*Analysis!$D$70+E$7*Analysis!$E$70+E$8*Analysis!$F$70+E$9*Analysis!$G$70 -> -763.46653 | F50: =F$6*Analysis!$D$70+F$7*Analysis!$E$70+F$8*Analysis!$F$70+F$9*Analysis!$G$70 -> 156.0276 | G50: =G$6*Analysis!$D$70+G$7*Analysis!$E$70+G$8*Analysis!$F$70+G$9*Analysis!$G$70 -> 161.87157 | H50: =H$6*Analysis!$D$70+H$7*Analysis!$E$70+H$8*Analysis!$F$70+H$9*Analysis!$G$70 -> 92.447769 | I50: =I$6*Analysis!$D$70+I$7*Analysis!$E$70+I$8*Analysis!$F$70+I$9*Analysis!$G$70 -> 98.291732 | J50: =J$6*Analysis!$D$70+J$7*Analysis!$E$70+J$8*Analysis!$F$70+J$9*Analysis!$G$70 -> 425.35287 | K50: =K$6*Analysis!$D$70+K$7*Analysis!$E$70+K$8*Analysis!$F$70+K$9*Analysis!$G$70 -> -466.59113 | L50: =MAX(D50:I50) -> 638.02931 | M50: =MIN(D50:I50) -> -763.46653 | N50: =MAX(L50,-M50) -> 763.46653 | O50: N
A51: 42 | B51: Shear right of J2 | C51: V2p | D51: =D$6*Analysis!$D$71+D$7*Analysis!$E$71+D$8*Analysis!$F$71+D$9*Analysis!$G$71 -> 14.085862 | E51: =E$6*Analysis!$D$71+E$7*Analysis!$E$71+E$8*Analysis!$F$71+E$9*Analysis!$G$71 -> 10.667032 | F51: =F$6*Analysis!$D$71+F$7*Analysis!$E$71+F$8*Analysis!$F$71+F$9*Analysis!$G$71 -> 15.252742 | G51: =G$6*Analysis!$D$71+G$7*Analysis!$E$71+G$8*Analysis!$F$71+G$9*Analysis!$G$71 -> 14.770893 | H51: =H$6*Analysis!$D$71+H$7*Analysis!$E$71+H$8*Analysis!$F$71+H$9*Analysis!$G$71 -> 9.2480151 | I51: =I$6*Analysis!$D$71+I$7*Analysis!$E$71+I$8*Analysis!$F$71+I$9*Analysis!$G$71 -> 8.7661662 | J51: =J$6*Analysis!$D$71+J$7*Analysis!$E$71+J$8*Analysis!$F$71+J$9*Analysis!$G$71 -> 9.3905749 | K51: =K$6*Analysis!$D$71+K$7*Analysis!$E$71+K$8*Analysis!$F$71+K$9*Analysis!$G$71 -> 11.114506 | L51: =MAX(D51:I51) -> 15.252742 | M51: =MIN(D51:I51) -> 8.7661662 | N51: =MAX(L51,-M51) -> 15.252742 | O51: N
A52: 43 | B52: Shear left of J3 | C52: V3m | D52: =D$6*Analysis!$D$73+D$7*Analysis!$E$73+D$8*Analysis!$F$73+D$9*Analysis!$G$73 -> -17.019566 | E52: =E$6*Analysis!$D$73+E$7*Analysis!$E$73+E$8*Analysis!$F$73+E$9*Analysis!$G$73 -> -7.9962256 | F52: =F$6*Analysis!$D$73+F$7*Analysis!$E$73+F$8*Analysis!$F$73+F$9*Analysis!$G$73 -> -15.852687 | G52: =G$6*Analysis!$D$73+G$7*Analysis!$E$73+G$8*Analysis!$F$73+G$9*Analysis!$G$73 -> -16.334535 | H52: =H$6*Analysis!$D$73+H$7*Analysis!$E$73+H$8*Analysis!$F$73+H$9*Analysis!$G$73 -> -9.4152421 | I52: =I$6*Analysis!$D$73+I$7*Analysis!$E$73+I$8*Analysis!$F$73+I$9*Analysis!$G$73 -> -9.8970911 | J52: =J$6*Analysis!$D$73+J$7*Analysis!$E$73+J$8*Analysis!$F$73+J$9*Analysis!$G$73 -> -11.346378 | K52: =K$6*Analysis!$D$73+K$7*Analysis!$E$73+K$8*Analysis!$F$73+K$9*Analysis!$G$73 -> -9.6224467 | L52: =MAX(D52:I52) -> -7.9962256 | M52: =MIN(D52:I52) -> -17.019566 | N52: =MAX(L52,-M52) -> 17.019566 | O52: N
A53: 44 | B53: Shear right of J3 | C53: V3p | D53: =D$6*Analysis!$D$74+D$7*Analysis!$E$74+D$8*Analysis!$F$74+D$9*Analysis!$G$74 -> -602.17293 | E53: =E$6*Analysis!$D$74+E$7*Analysis!$E$74+E$8*Analysis!$F$74+E$9*Analysis!$G$74 -> 730.82335 | F53: =F$6*Analysis!$D$74+F$7*Analysis!$E$74+F$8*Analysis!$F$74+F$9*Analysis!$G$74 -> -148.69495 | G53: =G$6*Analysis!$D$74+G$7*Analysis!$E$74+G$8*Analysis!$F$74+G$9*Analysis!$G$74 -> -142.76038 | H53: =H$6*Analysis!$D$74+H$7*Analysis!$E$74+H$8*Analysis!$F$74+H$9*Analysis!$G$74 -> -90.403884 | I53: =I$6*Analysis!$D$74+I$7*Analysis!$E$74+I$8*Analysis!$F$74+I$9*Analysis!$G$74 -> -84.469316 | J53: =J$6*Analysis!$D$74+J$7*Analysis!$E$74+J$8*Analysis!$F$74+J$9*Analysis!$G$74 -> -401.44862 | K53: =K$6*Analysis!$D$74+K$7*Analysis!$E$74+K$8*Analysis!$F$74+K$9*Analysis!$G$74 -> 448.35485 | L53: =MAX(D53:I53) -> 730.82335 | M53: =MIN(D53:I53) -> -602.17293 | N53: =MAX(L53,-M53) -> 730.82335 | O53: N
A54: 45 | B54: Shear left of J4 | C54: V4m | D54: =D$6*Analysis!$D$76+D$7*Analysis!$E$76+D$8*Analysis!$F$76+D$9*Analysis!$G$76 -> -610.65623 | E54: =E$6*Analysis!$D$76+E$7*Analysis!$E$76+E$8*Analysis!$F$76+E$9*Analysis!$G$76 -> 725.73337 | F54: =F$6*Analysis!$D$76+F$7*Analysis!$E$76+F$8*Analysis!$F$76+F$9*Analysis!$G$76 -> -157.17825 | G54: =G$6*Analysis!$D$76+G$7*Analysis!$E$76+G$8*Analysis!$F$76+G$9*Analysis!$G$76 -> -151.24368 | H54: =H$6*Analysis!$D$76+H$7*Analysis!$E$76+H$8*Analysis!$F$76+H$9*Analysis!$G$76 -> -95.493863 | I54: =I$6*Analysis!$D$76+I$7*Analysis!$E$76+I$8*Analysis!$F$76+I$9*Analysis!$G$76 -> -89.559295 | J54: =J$6*Analysis!$D$76+J$7*Analysis!$E$76+J$8*Analysis!$F$76+J$9*Analysis!$G$76 -> -407.10415 | K54: =K$6*Analysis!$D$76+K$7*Analysis!$E$76+K$8*Analysis!$F$76+K$9*Analysis!$G$76 -> 442.69932 | L54: =MAX(D54:I54) -> 725.73337 | M54: =MIN(D54:I54) -> -610.65623 | N54: =MAX(L54,-M54) -> 725.73337 | O54: N
A55: 46 | B55: Shear right of J4 | C55: V4p | D55: =D$6*Analysis!$D$77+D$7*Analysis!$E$77+D$8*Analysis!$F$77+D$9*Analysis!$G$77 -> 576.3688 | E55: =E$6*Analysis!$D$77+E$7*Analysis!$E$77+E$8*Analysis!$F$77+E$9*Analysis!$G$77 -> -670.42434 | F55: =F$6*Analysis!$D$77+F$7*Analysis!$E$77+F$8*Analysis!$F$77+F$9*Analysis!$G$77 -> 154.16153 | G55: =G$6*Analysis!$D$77+G$7*Analysis!$E$77+G$8*Analysis!$F$77+G$9*Analysis!$G$77 -> 149.11359 | H55: =H$6*Analysis!$D$77+H$7*Analysis!$E$77+H$8*Analysis!$F$77+H$9*Analysis!$G$77 -> 93.506509 | I55: =I$6*Analysis!$D$77+I$7*Analysis!$E$77+I$8*Analysis!$F$77+I$9*Analysis!$G$77 -> 88.458567 | J55: =J$6*Analysis!$D$77+J$7*Analysis!$E$77+J$8*Analysis!$F$77+J$9*Analysis!$G$77 -> 384.24587 | K55: =K$6*Analysis!$D$77+K$7*Analysis!$E$77+K$8*Analysis!$F$77+K$9*Analysis!$G$77 -> -406.51288 | L55: =MAX(D55:I55) -> 576.3688 | M55: =MIN(D55:I55) -> -670.42434 | N55: =MAX(L55,-M55) -> 670.42434 | O55: N
A56: 47 | B56: Reaction J1 (up +) | C56: R1 | D56: =D$6*Analysis!$D$69+D$7*Analysis!$E$69+D$8*Analysis!$F$69+D$9*Analysis!$G$69 -> 1263.5023 | E56: =E$6*Analysis!$D$69+E$7*Analysis!$E$69+E$8*Analysis!$F$69+E$9*Analysis!$G$69 -> -1468.4666 | F56: =F$6*Analysis!$D$69+F$7*Analysis!$E$69+F$8*Analysis!$F$69+F$9*Analysis!$G$69 -> 327.48115 | G56: =G$6*Analysis!$D$69+G$7*Analysis!$E$69+G$8*Analysis!$F$69+G$9*Analysis!$G$69 -> 338.37305 | H56: =H$6*Analysis!$D$69+H$7*Analysis!$E$69+H$8*Analysis!$F$69+H$9*Analysis!$G$69 -> 194.31031 | I56: =I$6*Analysis!$D$69+I$7*Analysis!$E$69+I$8*Analysis!$F$69+I$9*Analysis!$G$69 -> 205.20221 | J56: =J$6*Analysis!$D$69+J$7*Analysis!$E$69+J$8*Analysis!$F$69+J$9*Analysis!$G$69 -> 842.33486 | K56: =K$6*Analysis!$D$69+K$7*Analysis!$E$69+K$8*Analysis!$F$69+K$9*Analysis!$G$69 -> -890.19715 | L56: =MAX(D56:I56) -> 1263.5023 | M56: =MIN(D56:I56) -> -1468.4666 | N56: =MAX(L56,-M56) -> 1468.4666 | O56: N
A57: 48 | B57: Reaction J2 | C57: R2 | D57: =D$6*Analysis!$D$72+D$7*Analysis!$E$72+D$8*Analysis!$F$72+D$9*Analysis!$G$72 -> -623.94345 | E57: =E$6*Analysis!$D$72+E$7*Analysis!$E$72+E$8*Analysis!$F$72+E$9*Analysis!$G$72 -> 774.13356 | F57: =F$6*Analysis!$D$72+F$7*Analysis!$E$72+F$8*Analysis!$F$72+F$9*Analysis!$G$72 -> -140.77486 | G57: =G$6*Analysis!$D$72+G$7*Analysis!$E$72+G$8*Analysis!$F$72+G$9*Analysis!$G$72 -> -147.10067 | H57: =H$6*Analysis!$D$72+H$7*Analysis!$E$72+H$8*Analysis!$F$72+H$9*Analysis!$G$72 -> -83.199754 | I57: =I$6*Analysis!$D$72+I$7*Analysis!$E$72+I$8*Analysis!$F$72+I$9*Analysis!$G$72 -> -89.525566 | J57: =J$6*Analysis!$D$72+J$7*Analysis!$E$72+J$8*Analysis!$F$72+J$9*Analysis!$G$72 -> -415.9623 | K57: =K$6*Analysis!$D$72+K$7*Analysis!$E$72+K$8*Analysis!$F$72+K$9*Analysis!$G$72 -> 477.70564 | L57: =MAX(D57:I57) -> 774.13356 | M57: =MIN(D57:I57) -> -623.94345 | N57: =MAX(L57,-M57) -> 774.13356 | O57: N
A58: 49 | B58: Reaction J3 | C58: R3 | D58: =D$6*Analysis!$D$75+D$7*Analysis!$E$75+D$8*Analysis!$F$75+D$9*Analysis!$G$75 -> -585.15336 | E58: =E$6*Analysis!$D$75+E$7*Analysis!$E$75+E$8*Analysis!$F$75+E$9*Analysis!$G$75 -> 738.81957 | F58: =F$6*Analysis!$D$75+F$7*Analysis!$E$75+F$8*Analysis!$F$75+F$9*Analysis!$G$75 -> -132.84226 | G58: =G$6*Analysis!$D$75+G$7*Analysis!$E$75+G$8*Analysis!$F$75+G$9*Analysis!$G$75 -> -126.42585 | H58: =H$6*Analysis!$D$75+H$7*Analysis!$E$75+H$8*Analysis!$F$75+H$9*Analysis!$G$75 -> -80.988641 | I58: =I$6*Analysis!$D$75+I$7*Analysis!$E$75+I$8*Analysis!$F$75+I$9*Analysis!$G$75 -> -74.572225 | J58: =J$6*Analysis!$D$75+J$7*Analysis!$E$75+J$8*Analysis!$F$75+J$9*Analysis!$G$75 -> -390.10224 | K58: =K$6*Analysis!$D$75+K$7*Analysis!$E$75+K$8*Analysis!$F$75+K$9*Analysis!$G$75 -> 457.9773 | L58: =MAX(D58:I58) -> 738.81957 | M58: =MIN(D58:I58) -> -585.15336 | N58: =MAX(L58,-M58) -> 738.81957 | O58: N
A59: 50 | B59: Reaction J4 | C59: R4 | D59: =D$6*Analysis!$D$78+D$7*Analysis!$E$78+D$8*Analysis!$F$78+D$9*Analysis!$G$78 -> 1187.025 | E59: =E$6*Analysis!$D$78+E$7*Analysis!$E$78+E$8*Analysis!$F$78+E$9*Analysis!$G$78 -> -1396.1577 | F59: =F$6*Analysis!$D$78+F$7*Analysis!$E$78+F$8*Analysis!$F$78+F$9*Analysis!$G$78 -> 311.33978 | G59: =G$6*Analysis!$D$78+G$7*Analysis!$E$78+G$8*Analysis!$F$78+G$9*Analysis!$G$78 -> 300.35727 | H59: =H$6*Analysis!$D$78+H$7*Analysis!$E$78+H$8*Analysis!$F$78+H$9*Analysis!$G$78 -> 189.00037 | I59: =I$6*Analysis!$D$78+I$7*Analysis!$E$78+I$8*Analysis!$F$78+I$9*Analysis!$G$78 -> 178.01786 | J59: =J$6*Analysis!$D$78+J$7*Analysis!$E$78+J$8*Analysis!$F$78+J$9*Analysis!$G$78 -> 791.35002 | K59: =K$6*Analysis!$D$78+K$7*Analysis!$E$78+K$8*Analysis!$F$78+K$9*Analysis!$G$78 -> -849.2122 | L59: =MAX(D59:I59) -> 1187.025 | M59: =MIN(D59:I59) -> -1396.1577 | N59: =MAX(L59,-M59) -> 1396.1577 | O59: N
A60: 51 | B60: Deflection at A | C60: dA | D60: =D$6*Analysis!$D$85+D$7*Analysis!$E$85+D$8*Analysis!$F$85+D$9*Analysis!$G$85 -> 0.090029668 | E60: =E$6*Analysis!$D$85+E$7*Analysis!$E$85+E$8*Analysis!$F$85+E$9*Analysis!$G$85 -> -0.10442708 | F60: =F$6*Analysis!$D$85+F$7*Analysis!$E$85+F$8*Analysis!$F$85+F$9*Analysis!$G$85 -> 0.023448138 | G60: =G$6*Analysis!$D$85+G$7*Analysis!$E$85+G$8*Analysis!$F$85+G$9*Analysis!$G$85 -> 0.02416981 | H60: =H$6*Analysis!$D$85+H$7*Analysis!$E$85+H$8*Analysis!$F$85+H$9*Analysis!$G$85 -> 0.013924549 | I60: =I$6*Analysis!$D$85+I$7*Analysis!$E$85+I$8*Analysis!$F$85+I$9*Analysis!$G$85 -> 0.01464622 | J60: =J$6*Analysis!$D$85+J$7*Analysis!$E$85+J$8*Analysis!$F$85+J$9*Analysis!$G$85 -> 0.060019779 | K60: =K$6*Analysis!$D$85+K$7*Analysis!$E$85+K$8*Analysis!$F$85+K$9*Analysis!$G$85 -> -0.063268993 | L60: =MAX(D60:I60) -> 0.090029668 | M60: =MIN(D60:I60) -> -0.10442708 | N60: =MAX(L60,-M60) -> 0.10442708 | O60: mm
A61: 52 | B61: Deflection at C | C61: dC | D61: =D$6*Analysis!$D$86+D$7*Analysis!$E$86+D$8*Analysis!$F$86+D$9*Analysis!$G$86 -> 0.087788434 | E61: =E$6*Analysis!$D$86+E$7*Analysis!$E$86+E$8*Analysis!$F$86+E$9*Analysis!$G$86 -> -0.10297144 | F61: =F$6*Analysis!$D$86+F$7*Analysis!$E$86+F$8*Analysis!$F$86+F$9*Analysis!$G$86 -> 0.023114756 | G61: =G$6*Analysis!$D$86+G$7*Analysis!$E$86+G$8*Analysis!$F$86+G$9*Analysis!$G$86 -> 0.022361519 | H61: =H$6*Analysis!$D$86+H$7*Analysis!$E$86+H$8*Analysis!$F$86+H$9*Analysis!$G$86 -> 0.014019501 | I61: =I$6*Analysis!$D$86+I$7*Analysis!$E$86+I$8*Analysis!$F$86+I$9*Analysis!$G$86 -> 0.013266264 | J61: =J$6*Analysis!$D$86+J$7*Analysis!$E$86+J$8*Analysis!$F$86+J$9*Analysis!$G$86 -> 0.058525623 | K61: =K$6*Analysis!$D$86+K$7*Analysis!$E$86+K$8*Analysis!$F$86+K$9*Analysis!$G$86 -> -0.062584121 | L61: =MAX(D61:I61) -> 0.087788434 | M61: =MIN(D61:I61) -> -0.10297144 | N61: =MAX(L61,-M61) -> 0.10297144 | O61: mm
A62: 53 | B62: Module-bolt force per bolt, normal to rafter (up/out +) | C62: Fnb | D62: =D$6*Analysis!$D$17+D$7*Analysis!$E$17+D$8*Analysis!$F$17+D$9*Analysis!$G$17 -> -550.41857 | E62: =E$6*Analysis!$D$17+E$7*Analysis!$E$17+E$8*Analysis!$F$17+E$9*Analysis!$G$17 -> 734.56522 | F62: =F$6*Analysis!$D$17+F$7*Analysis!$E$17+F$8*Analysis!$F$17+F$9*Analysis!$G$17 -> -103.50743 | G62: =G$6*Analysis!$D$17+G$7*Analysis!$E$17+G$8*Analysis!$F$17+G$9*Analysis!$G$17 -> -107.26777 | H62: =H$6*Analysis!$D$17+H$7*Analysis!$E$17+H$8*Analysis!$F$17+H$9*Analysis!$G$17 -> -61.352391 | I62: =I$6*Analysis!$D$17+I$7*Analysis!$E$17+I$8*Analysis!$F$17+I$9*Analysis!$G$17 -> -65.112731 | J62: =J$6*Analysis!$D$17+J$7*Analysis!$E$17+J$8*Analysis!$F$17+J$9*Analysis!$G$17 -> -366.94571 | K62: =K$6*Analysis!$D$17+K$7*Analysis!$E$17+K$8*Analysis!$F$17+K$9*Analysis!$G$17 -> 461.60678 | L62: =MAX(D62:I62) -> 734.56522 | M62: =MIN(D62:I62) -> -550.41857 | N62: =MAX(L62,-M62) -> 734.56522 | O62: N
A63: 54 | B63: Module-bolt force per bolt, along rafter (B->C +) | C63: Ftb | D63: =D$6*Analysis!$D$18+D$7*Analysis!$E$18+D$8*Analysis!$F$18+D$9*Analysis!$G$18 -> 18.801699 | E63: =E$6*Analysis!$D$18+E$7*Analysis!$E$18+E$8*Analysis!$F$18+E$9*Analysis!$G$18 -> 11.281019 | F63: =F$6*Analysis!$D$18+F$7*Analysis!$E$18+F$8*Analysis!$F$18+F$9*Analysis!$G$18 -> 29.340459 | G63: =G$6*Analysis!$D$18+G$7*Analysis!$E$18+G$8*Analysis!$F$18+G$9*Analysis!$G$18 -> 8.262939 | H63: =H$6*Analysis!$D$18+H$7*Analysis!$E$18+H$8*Analysis!$F$18+H$9*Analysis!$G$18 -> 21.81978 | I63: =I$6*Analysis!$D$18+I$7*Analysis!$E$18+I$8*Analysis!$F$18+I$9*Analysis!$G$18 -> 0.74225934 | J63: =J$6*Analysis!$D$18+J$7*Analysis!$E$18+J$8*Analysis!$F$18+J$9*Analysis!$G$18 -> 12.534466 | K63: =K$6*Analysis!$D$18+K$7*Analysis!$E$18+K$8*Analysis!$F$18+K$9*Analysis!$G$18 -> 12.534466 | L63: =MAX(D63:I63) -> 29.340459 | M63: =MIN(D63:I63) -> 0.74225934 | N63: =MAX(L63,-M63) -> 29.340459 | O63: N
A64: 55 | B64: Resultant at joint C = SQRT(Cx^2+Cy^2) | C64: Rc | D64: =SQRT(D11^2+D12^2) -> 587.64539 | E64: =SQRT(E11^2+E12^2) -> 732.11996 | F64: =SQRT(F11^2+F12^2) -> 147.01805 | G64: =SQRT(G11^2+G12^2) -> 142.06799 | H64: =SQRT(H11^2+H12^2) -> 92.034198 | I64: =SQRT(I11^2+I12^2) -> 87.24504 | J64: =SQRT(J11^2+J12^2) -> 391.7636 | K64: =SQRT(K11^2+K12^2) -> 453.39204 | L64: =MAX(D64:I64) -> 732.11996 | M64: =MIN(D64:I64) -> 87.24504 | N64: =MAX(L64,-M64) -> 732.11996 | O64: N
A65: 56 | B65: Module bolt tension per bolt = MAX(Fnb,0) | C65: Fnbpos | D65: =MAX(D62,0) -> 0 | E65: =MAX(E62,0) -> 734.56522 | F65: =MAX(F62,0) -> 0 | G65: =MAX(G62,0) -> 0 | H65: =MAX(H62,0) -> 0 | I65: =MAX(I62,0) -> 0 | J65: =MAX(J62,0) -> 0 | K65: =MAX(K62,0) -> 461.60678 | L65: =MAX(D65:I65) -> 734.56522 | M65: =MIN(D65:I65) -> 0 | N65: =MAX(L65,-M65) -> 734.56522 | O65: N
A66: 57 | B66: Module bolt shear per bolt = ABS(Ftb) | C66: Ftbabs | D66: =ABS(D63) -> 18.801699 | E66: =ABS(E63) -> 11.281019 | F66: =ABS(F63) -> 29.340459 | G66: =ABS(G63) -> 8.262939 | H66: =ABS(H63) -> 21.81978 | I66: =ABS(I63) -> 0.74225934 | J66: =ABS(J63) -> 12.534466 | K66: =ABS(K63) -> 12.534466 | L66: =MAX(D66:I66) -> 29.340459 | M66: =MIN(D66:I66) -> 0.74225934 | N66: =MAX(L66,-M66) -> 29.340459 | O66: N
A67: 58 | B67: Block 1 net uplift = MAX(0,-(R1+R2)) | C67: Tb1 | D67: =MAX(0,-(D56+D57)) -> 0 | E67: =MAX(0,-(E56+E57)) -> 694.333 | F67: =MAX(0,-(F56+F57)) -> 0 | G67: =MAX(0,-(G56+G57)) -> 0 | H67: =MAX(0,-(H56+H57)) -> 0 | I67: =MAX(0,-(I56+I57)) -> 0 | J67: =MAX(0,-(J56+J57)) -> 0 | K67: =MAX(0,-(K56+K57)) -> 412.49151 | L67: =MAX(D67:I67) -> 694.333 | M67: =MIN(D67:I67) -> 0 | N67: =MAX(L67,-M67) -> 694.333 | O67: N
A68: 59 | B68: Block 2 net uplift = MAX(0,-(R3+R4)) | C68: Tb2 | D68: =MAX(0,-(D58+D59)) -> 0 | E68: =MAX(0,-(E58+E59)) -> 657.33814 | F68: =MAX(0,-(F58+F59)) -> 0 | G68: =MAX(0,-(G58+G59)) -> 0 | H68: =MAX(0,-(H58+H59)) -> 0 | I68: =MAX(0,-(I58+I59)) -> 0 | J68: =MAX(0,-(J58+J59)) -> 0 | K68: =MAX(0,-(K58+K59)) -> 391.2349 | L68: =MAX(D68:I68) -> 657.33814 | M68: =MIN(D68:I68) -> 0 | N68: =MAX(L68,-M68) -> 657.33814 | O68: N
A69: 60 | B69: J-bolt max tension = MAX(0,-MIN(R1..R4)) | C69: Tj | D69: =MAX(0,-MIN(D56,D57,D58,D59)) -> 623.94345 | E69: =MAX(0,-MIN(E56,E57,E58,E59)) -> 1468.4666 | F69: =MAX(0,-MIN(F56,F57,F58,F59)) -> 140.77486 | G69: =MAX(0,-MIN(G56,G57,G58,G59)) -> 147.10067 | H69: =MAX(0,-MIN(H56,H57,H58,H59)) -> 83.199754 | I69: =MAX(0,-MIN(I56,I57,I58,I59)) -> 89.525566 | J69: =MAX(0,-MIN(J56,J57,J58,J59)) -> 415.9623 | K69: =MAX(0,-MIN(K56,K57,K58,K59)) -> 890.19715 | L69: =MAX(D69:I69) -> 1468.4666 | M69: =MIN(D69:I69) -> 83.199754 | N69: =MAX(L69,-M69) -> 1468.4666 | O69: N
A70: 61 | B70: Rafter: section of zero shear between module bolts (clamped to S1..S2) | C70: sstar | D70: =MIN(MAX((-(D10*g_cos+D14)+D16*g_sa)/(D16+D17),g_s1),g_s2) -> 580.55756 | E70: =MIN(MAX((-(E10*g_cos+E14)+E16*g_sa)/(E16+E17),g_s1),g_s2) -> 589.59657 | F70: =MIN(MAX((-(F10*g_cos+F14)+F16*g_sa)/(F16+F17),g_s1),g_s2) -> 582.82423 | G70: =MIN(MAX((-(G10*g_cos+G14)+G16*g_sa)/(G16+G17),g_s1),g_s2) -> 582.82423 | H70: =MIN(MAX((-(H10*g_cos+H14)+H16*g_sa)/(H16+H17),g_s1),g_s2) -> 582.82423 | I70: =MIN(MAX((-(I10*g_cos+I14)+I16*g_sa)/(I16+I17),g_s1),g_s2) -> 582.82423 | J70: =MIN(MAX((-(J10*g_cos+J14)+J16*g_sa)/(J16+J17),g_s1),g_s2) -> 580.55756 | K70: =MIN(MAX((-(K10*g_cos+K14)+K16*g_sa)/(K16+K17),g_s1),g_s2) -> 586.88763 | L70: =MAX(D70:I70) -> 589.59657 | M70: =MIN(D70:I70) -> 580.55756 | N70: =MAX(L70,-M70) -> 589.59657 | O70: mm
A71: 62 | B71: Rafter: moment at zero-shear section s* | C71: Mstar | D71: =-(D10*g_cos*D70+D14*(D70-g_s1)+D16*(D70-g_sa)^2/2+D17*D70^2/2) -> -58726.616 | E71: =-(E10*g_cos*E70+E14*(E70-g_s1)+E16*(E70-g_sa)^2/2+E17*E70^2/2) -> 6081.2254 | F71: =-(F10*g_cos*F70+F14*(F70-g_s1)+F16*(F70-g_sa)^2/2+F17*F70^2/2) -> -40716.963 | G71: =-(G10*g_cos*G70+G14*(G70-g_s1)+G16*(G70-g_sa)^2/2+G17*G70^2/2) -> -42196.177 | H71: =-(H10*g_cos*H70+H14*(H70-g_s1)+H16*(H70-g_sa)^2/2+H17*H70^2/2) -> -24134.335 | I71: =-(I10*g_cos*I70+I14*(I70-g_s1)+I16*(I70-g_sa)^2/2+I17*I70^2/2) -> -25613.549 | J71: =-(J10*g_cos*J70+J14*(J70-g_s1)+J16*(J70-g_sa)^2/2+J17*J70^2/2) -> -39151.077 | K71: =-(K10*g_cos*K70+K14*(K70-g_s1)+K16*(K70-g_sa)^2/2+K17*K70^2/2) -> -7000.0389 | L71: =MAX(D71:I71) -> 6081.2254 | M71: =MIN(D71:I71) -> -58726.616 | N71: =MAX(L71,-M71) -> 58726.616 | O71: N.mm
A72: 63 | B72: Rafter: governing |M| = max(|M(S1)|, |M(S2)|, |M(s*)|) | C72: Minc_abs | D72: =MAX(ABS(D35),ABS(D36),ABS(D71)) -> 58726.616 | E72: =MAX(ABS(E35),ABS(E36),ABS(E71)) -> 28251.241 | F72: =MAX(ABS(F35),ABS(F36),ABS(F71)) -> 40716.963 | G72: =MAX(ABS(G35),ABS(G36),ABS(G71)) -> 42196.177 | H72: =MAX(ABS(H35),ABS(H36),ABS(H71)) -> 24134.335 | I72: =MAX(ABS(I35),ABS(I36),ABS(I71)) -> 25613.549 | J72: =MAX(ABS(J35),ABS(J36),ABS(J71)) -> 39151.077 | K72: =MAX(ABS(K35),ABS(K36),ABS(K71)) -> 17391.283 | L72: =MAX(D72:I72) -> 58726.616 | M72: =MIN(D72:I72) -> 24134.335 | N72: =MAX(L72,-M72) -> 58726.616 | O72: N.mm

Sheet Members
A1: 8 MEMBER CHECKS - IS 800:2007 limit state (hot-rolled ISA 50x50x5, E250)
A2: Forces from Combos sheet (envelope of strength combinations C1-C6). Bending: elastic, in-plane, unsymmetric-bending modulus (Section sheet). No LTB reduction: spans <= 550 mm.
A4: # | B4: Item | C4: Name | D4: Value | E4: Unit | F4: Formula / clause / basis | G4: Status | H4: Remarks
A5: Tension capacity - cl 6.2 (yielding) and cl 6.3.3 (tearing of net section, single bolt in connected leg)
A6: 1 | B6: Tdg = Ag fy / gamma_m0 | C6: m_Tdg | D6: =sec_A*fy/gamma_m0 -> 109159.09 | E6: N | F6: IS 800 cl 6.2 | G6: V
A7: 2 | B7: Anc = (b - t/2 - d0) t (net connected leg) | C7: m_Anc | D7: =(sec_b-sec_t/2-d0_14)*sec_t -> 167.5 | E7: mm2 | F7: cl 6.3.3 | G7: V
A8: 3 | B8: Ago = (b - t/2) t (outstanding leg) | C8: m_Ago | D8: =(sec_b-sec_t/2)*sec_t -> 237.5 | E8: mm2 | F8: cl 6.3.3 | G8: V
A9: 4 | B9: beta = 1.4 - 0.076 (w/t)(fy/fu)(bs/Lc), 0.7 <= beta <= fu gm0/(fy gm1) | C9: m_beta | D9: =MAX(0.7,MIN(1.4-0.076*(sec_b/sec_t)*(fy/fu)*((2*sec_b-sec_t)/edge_min),fu*gamma_m0/(fy*gamma_m1))) -> 0.7 | E9: - | F9: cl 6.3.3; Lc=end dist. (single bolt) -> lower bound 0.7 | G9: I
A10: 5 | B10: Tdn = 0.9 Anc fu/gm1 + beta Ago fy/gm0 | C10: m_Tdn | D10: =0.9*m_Anc*fu/gamma_m1+m_beta*m_Ago*fy/gamma_m0 -> 87230.091 | E10: N | F10: cl 6.3.3 | G10: V
A11: 6 | B11: Td = min(Tdg, Tdn) | C11: m_Td | D11: =MIN(m_Tdg,m_Tdn) -> 87230.091 | E11: N
A12: Compression capacity - cl 7.1.2 with equivalent slenderness for single angle struts, cl 7.5.1.2 / Table 12 (single bolt, hinged)
A13: 7 | B13: pi sqrt(E/fy) | C13: m_lamc | D13: =PI()*SQRT(Es/fy) -> 88.857659 | E13: - | F13: cl 7.1.2 | G13: V
A14: 8 | B14: lambda_phi = (b1+b2)/(2t) / (pi sqrt(E/fy)) | C14: m_lphi | D14: =((sec_b+sec_b)/(2*sec_t))/m_lamc -> 0.11253954 | E14: - | F14: cl 7.5.1.2 | G14: V
A15: 9 | B15: k1 (Table 12, single bolt, hinged) | C15: m_k1 | D15: 1.25 | E15: - | F15: Table 12 (search-confirmed) | G15: V
A16: 10 | B16: k2 | C16: m_k2 | D16: 0.5 | E16: - | F16: Table 12 | G16: V
A17: 11 | B17: k3 | C17: m_k3 | D17: 60 | E17: - | F17: Table 12 | G17: V
A18: 12 | B18: Imperfection factor, buckling class c | C18: m_alpha | D18: 0.49 | E18: - | F18: Table 7 / Table 10 (angles: class c) | G18: V
A19: 13 | B19: Vertical A-B (L = bolt c/c): effective length KL (K=1) | C19: m_KL_v | D19: =g_AB -> 204.72 | E19: mm | F19: pinned, single bolt | G19: I
A20: 14 | B20: lambda_vv = (KL/rvv)/(pi sqrt(E/fy)) | C20: m_lvv_v | D20: =(m_KL_v/sec_rvv)/m_lamc -> 0.23678775 | E20: -
A21: 15 | B21: lambda_e = sqrt(k1 + k2 lvv^2 + k3 lphi^2) | C21: m_le_v | D21: =SQRT(m_k1+m_k2*m_lvv_v^2+m_k3*m_lphi^2) -> 1.4275654 | E21: - | F21: cl 7.5.1.2
A22: 16 | B22: phi = 0.5[1+alpha(le-0.2)+le^2] | C22: m_phi_v | D22: =0.5*(1+m_alpha*(m_le_v-0.2)+m_le_v^2) -> 1.8197251 | E22: - | F22: cl 7.1.2.1
A23: 17 | B23: fcd = (fy/gm0)/(phi+sqrt(phi^2-le^2)) | C23: m_fcd_v | D23: =(fy/gamma_m0)/(m_phi_v+SQRT(m_phi_v^2-m_le_v^2)) -> 77.088632 | E23: MPa
A24: 18 | B24: Pd = Ag fcd | C24: m_Pd_v | D24: =sec_A*m_fcd_v -> 37025.67 | E24: N | F24: cl 7.1.2
A25: 19 | B25: Inclined B-C (L = bolt c/c): effective length KL (K=1) | C25: m_KL_i | D25: =g_BC -> 1165.6185 | E25: mm | F25: pinned, single bolt | G25: I
A26: 20 | B26: lambda_vv = (KL/rvv)/(pi sqrt(E/fy)) | C26: m_lvv_i | D26: =(m_KL_i/sec_rvv)/m_lamc -> 1.3482033 | E26: -
A27: 21 | B27: lambda_e = sqrt(k1 + k2 lvv^2 + k3 lphi^2) | C27: m_le_i | D27: =SQRT(m_k1+m_k2*m_lvv_i^2+m_k3*m_lphi^2) -> 1.7084306 | E27: - | F27: cl 7.5.1.2
A28: 22 | B28: phi = 0.5[1+alpha(le-0.2)+le^2] | C28: m_phi_i | D28: =0.5*(1+m_alpha*(m_le_i-0.2)+m_le_i^2) -> 2.328933 | E28: - | F28: cl 7.1.2.1
A29: 23 | B29: fcd = (fy/gm0)/(phi+sqrt(phi^2-le^2)) | C29: m_fcd_i | D29: =(fy/gamma_m0)/(m_phi_i+SQRT(m_phi_i^2-m_le_i^2)) -> 58.100558 | E29: MPa
A30: 24 | B30: Pd = Ag fcd | C30: m_Pd_i | D30: =sec_A*m_fcd_i -> 27905.698 | E30: N | F30: cl 7.1.2
A31: 25 | B31: Base (L = clear span between J-bolt pairs): effective length KL (K=1) | C31: m_KL_b | D31: =J_mid -> 550 | E31: mm | F31: pinned, single bolt | G31: I
A32: 26 | B32: lambda_vv = (KL/rvv)/(pi sqrt(E/fy)) | C32: m_lvv_b | D32: =(m_KL_b/sec_rvv)/m_lamc -> 0.63615309 | E32: -
A33: 27 | B33: lambda_e = sqrt(k1 + k2 lvv^2 + k3 lphi^2) | C33: m_le_b | D33: =SQRT(m_k1+m_k2*m_lvv_b^2+m_k3*m_lphi^2) -> 1.4873649 | E33: - | F33: cl 7.5.1.2
A34: 28 | B34: phi = 0.5[1+alpha(le-0.2)+le^2] | C34: m_phi_b | D34: =0.5*(1+m_alpha*(m_le_b-0.2)+m_le_b^2) -> 1.9215315 | E34: - | F34: cl 7.1.2.1
A35: 29 | B35: fcd = (fy/gm0)/(phi+sqrt(phi^2-le^2)) | C35: m_fcd_b | D35: =(fy/gamma_m0)/(m_phi_b+SQRT(m_phi_b^2-m_le_b^2)) -> 72.423765 | E35: MPa
A36: 30 | B36: Pd = Ag fcd | C36: m_Pd_b | D36: =sec_A*m_fcd_b -> 34785.134 | E36: N | F36: cl 7.1.2
A37: Bending and shear capacity - cl 8.2.1.2, 8.4
A38: 31 | B38: Md gross = Z_eff fy/gm0 (mid-span sections) | C38: m_Mdg | D38: =sec_Zg*fy/gamma_m0 -> 534172.92 | E38: N.mm | F38: cl 8.2.1.2 elastic (beta_b = Ze/Zp) | G38: V
A39: 32 | B39: Md net of Ø18 J-bolt hole (support sections) | C39: m_Mdn | D39: =sec_Zn*fy/gamma_m0 -> 516431.76 | E39: N.mm | G39: I
A40: 33 | B40: Vd = Av fy/(sqrt3 gm0), Av = b t | C40: m_Vd | D40: =sec_b*sec_t*fy/(SQRT(3)*gamma_m0) -> 32803.993 | E40: N | F40: cl 8.4.1 | G40: V
A41: Demands (envelope of strength combinations) and checks
A42: 34 | B42: Vertical member: max tension | C42: m_vT | D42: =MAX(0,Combos!$L$13) -> 724.50211 | E42: N | F42: Combos
A43: 35 | B43: Vertical member: max compression | C43: m_vC | D43: =MAX(0,-Combos!$M$13) -> 592.9695 | E43: N
A44: 36 | B44: Rafter: max tension (8 sections) | C44: m_iT | D44: =MAX(0,MAX(Combos!$D$19:$I$26)) -> 104.14446 | E44: N | F44: Combos
A45: 37 | B45: Rafter: max compression | C45: m_iC | D45: =MAX(0,-MIN(Combos!$D$19:$I$26)) -> 157.09073 | E45: N
A46: 38 | B46: Rafter: max |M| (module-bolt sections and zero-shear section) | C46: m_iM | D46: =Combos!$L$72 -> 58726.616 | E46: N.mm | F46: R1: UDL moment included
A47: 39 | B47: Rafter: max |V| | C47: m_iV | D47: =MAX(MAX(Combos!$D$27:$I$34),-MIN(Combos!$D$27:$I$34)) -> 718.96607 | E47: N
A48: 40 | B48: Base: max axial tension | C48: m_bT | D48: =MAX(0,MAX(Combos!$D$38:$I$39)) -> 280.23776 | E48: N
A49: 41 | B49: Base: max axial compression | C49: m_bC | D49: =MAX(0,-MIN(Combos!$D$38:$I$39)) -> 156.32342 | E49: N
A50: 42 | B50: Base: max |M| at J-bolt sections | C50: m_bMs | D50: =MAX(MAX(Combos!$D$41:$I$44),-MIN(Combos!$D$41:$I$44)) -> 105107.41 | E50: N.mm
A51: 43 | B51: Base: max |M| mid-span | C51: m_bMm | D51: =MAX(MAX(Combos!$D$45:$I$47),-MIN(Combos!$D$45:$I$47)) -> 48133.727 | E51: N.mm
A52: 44 | B52: Base: max |V| | C52: m_bV | D52: =MAX(MAX(Combos!$D$48:$I$55),-MIN(Combos!$D$48:$I$55)) -> 763.46653 | E52: N
A53: 45 | B53: Vertical member tension - demand | C53: mk_vT_d | D53: =m_vT -> 724.50211 | E53: N | F53: cl 6.2/6.3
A54: 46 | B54: Vertical member tension - capacity | C54: mk_vT_c | D54: =m_Td -> 87230.091 | E54: N
A55: 47 | B55: Vertical member tension - utilisation | C55: mk_vT_ur | D55: =mk_vT_d/mk_vT_c -> 0.0083056444 | E55: -
A56: 48 | B56: status | C56: mk_vT_ok | D56: =IF(mk_vT_ur<=1,"PASS","FAIL") -> PASS
A57: 49 | B57: Vertical member compression - demand | C57: mk_vC_d | D57: =m_vC -> 592.9695 | E57: N | F57: cl 7.1.2, 7.5.1.2
A58: 50 | B58: Vertical member compression - capacity | C58: mk_vC_c | D58: =m_Pd_v -> 37025.67 | E58: N
A59: 51 | B59: Vertical member compression - utilisation | C59: mk_vC_ur | D59: =mk_vC_d/mk_vC_c -> 0.016015092 | E59: -
A60: 52 | B60: status | C60: mk_vC_ok | D60: =IF(mk_vC_ur<=1,"PASS","FAIL") -> PASS
A61: 53 | B61: Inclined N+M (tension) cl 9.3.1 - demand | C61: mk_iT_d | D61: =m_iT/m_Td+m_iM/m_Mdg -> 0.11113324 | E61: - | F61: cl 9.3.1 linear interaction
A62: 54 | B62: Inclined N+M (tension) cl 9.3.1 - capacity | C62: mk_iT_c | D62: 1 | E62: -
A63: 55 | B63: Inclined N+M (tension) cl 9.3.1 - utilisation | C63: mk_iT_ur | D63: =mk_iT_d -> 0.11113324 | E63: -
A64: 56 | B64: status | C64: mk_iT_ok | D64: =IF(mk_iT_ur<=1,"PASS","FAIL") -> PASS
A65: 57 | B65: Inclined N+M (compression) cl 9.3.2 - demand | C65: mk_iC_d | D65: =m_iC/m_Pd_i+m_iM/m_Mdg -> 0.11556868 | E65: - | F65: cl 9.3.2 (simplified, conservative)
A66: 58 | B66: Inclined N+M (compression) cl 9.3.2 - capacity | C66: mk_iC_c | D66: 1 | E66: -
A67: 59 | B67: Inclined N+M (compression) cl 9.3.2 - utilisation | C67: mk_iC_ur | D67: =mk_iC_d -> 0.11556868 | E67: -
A68: 60 | B68: status | C68: mk_iC_ok | D68: =IF(mk_iC_ur<=1,"PASS","FAIL") -> PASS
A69: 61 | B69: Inclined shear - demand | C69: mk_iV_d | D69: =m_iV -> 718.96607 | E69: N | F69: cl 8.4
A70: 62 | B70: Inclined shear - capacity | C70: mk_iV_c | D70: =m_Vd -> 32803.993 | E70: N
A71: 63 | B71: Inclined shear - utilisation | C71: mk_iV_ur | D71: =mk_iV_d/mk_iV_c -> 0.02191703 | E71: -
A72: 64 | B72: status | C72: mk_iV_ok | D72: =IF(mk_iV_ur<=1,"PASS","FAIL") -> PASS
A73: 65 | B73: Base N+M at J-bolt sections (net of Ø18 hole) - demand | C73: mk_bS_d | D73: =MAX(m_bT/m_Td,m_bC/m_Pd_b)+m_bMs/m_Mdn -> 0.2080202 | E73: - | F73: cl 9.3
A74: 66 | B74: Base N+M at J-bolt sections (net of Ø18 hole) - capacity | C74: mk_bS_c | D74: 1 | E74: -
A75: 67 | B75: Base N+M at J-bolt sections (net of Ø18 hole) - utilisation | C75: mk_bS_ur | D75: =mk_bS_d -> 0.2080202 | E75: -
A76: 68 | B76: status | C76: mk_bS_ok | D76: =IF(mk_bS_ur<=1,"PASS","FAIL") -> PASS
A77: 69 | B77: Base N+M at mid-span - demand | C77: mk_bM_d | D77: =MAX(m_bT/m_Td,m_bC/m_Pd_b)+m_bMm/m_Mdg -> 0.094602859 | E77: - | F77: cl 9.3
A78: 70 | B78: Base N+M at mid-span - capacity | C78: mk_bM_c | D78: 1 | E78: -
A79: 71 | B79: Base N+M at mid-span - utilisation | C79: mk_bM_ur | D79: =mk_bM_d -> 0.094602859 | E79: -
A80: 72 | B80: status | C80: mk_bM_ok | D80: =IF(mk_bM_ur<=1,"PASS","FAIL") -> PASS
A81: 73 | B81: Base shear - demand | C81: mk_bV_d | D81: =m_bV -> 763.46653 | E81: N | F81: cl 8.4
A82: 74 | B82: Base shear - capacity | C82: mk_bV_c | D82: =m_Vd -> 32803.993 | E82: N
A83: 75 | B83: Base shear - utilisation | C83: mk_bV_ur | D83: =mk_bV_d/mk_bV_c -> 0.023273586 | E83: -
A84: 76 | B84: status | C84: mk_bV_ok | D84: =IF(mk_bV_ur<=1,"PASS","FAIL") -> PASS

Sheet Connections
A1: 9 CONNECTIONS - bolts per hardware BOM, IS 800:2007 cl 10.3 / 10.2
A2: Single bolt per joint in single shear, threads in shear plane (n_n=1). Bearing reduced x0.7 for holes larger than standard (cl 10.3.4). Prying neglected (shear joints).
A4: # | B4: Item | C4: Name | D4: Value | E4: Unit | F4: Formula / clause / basis | G4: Status | H4: Remarks
A5: Bolt data (IS 1367 / ISO 898-1 tensile-stress area An, shank area Asb)
A6: 1 | B6: M8 nominal dia | C6: bolt_M8_d | D6: 8 | E6: mm | G6: V
A7: 2 | B7: M8 tensile stress area An | C7: bolt_M8_An | D7: 36.6 | E7: mm2 | F7: ISO 898-1 | G7: V
A8: 3 | B8: M8 shank area Asb | C8: bolt_M8_Asb | D8: 50.27 | E8: mm2 | G8: V
A9: 4 | B9: M10 nominal dia | C9: bolt_M10_d | D9: 10 | E9: mm | G9: V
A10: 5 | B10: M10 tensile stress area An | C10: bolt_M10_An | D10: 58 | E10: mm2 | F10: ISO 898-1 | G10: V
A11: 6 | B11: M10 shank area Asb | C11: bolt_M10_Asb | D11: 78.54 | E11: mm2 | G11: V
A12: 7 | B12: M12 nominal dia | C12: bolt_M12_d | D12: 12 | E12: mm | G12: V
A13: 8 | B13: M12 tensile stress area An | C13: bolt_M12_An | D13: 84.3 | E13: mm2 | F13: ISO 898-1 | G13: V
A14: 9 | B14: M12 shank area Asb | C14: bolt_M12_Asb | D14: 113.1 | E14: mm2 | G14: V
A15: 10 | B15: M16 nominal dia | C15: bolt_M16_d | D15: 16 | E15: mm | G15: V
A16: 11 | B16: M16 tensile stress area An | C16: bolt_M16_An | D16: 157 | E16: mm2 | F16: ISO 898-1 | G16: V
A17: 12 | B17: M16 shank area Asb | C17: bolt_M16_Asb | D17: 201.06 | E17: mm2 | G17: V
A18: M10 HDG 8.8 base-vertical (joint A)
A19: 13 | B19: kb = min(e/(3 d0), fub/fu, 1.0) (single bolt, no pitch) | C19: cA_kb | D19: =MIN(edge_min/(3*d0_14),fub88/fu,1) -> 0.53571429 | E19: - | F19: cl 10.3.4 | G19: V | H19: e = 22.5 mm (smaller edge/end distance)
A20: 14 | B20: Vdsb = fub/sqrt3 * An / gmb | C20: cA_Vdsb | D20: =fub88/SQRT(3)*bolt_M10_An/gamma_mb -> 21431.242 | E20: N | F20: cl 10.3.3 | G20: V
A21: 15 | B21: Vdpb = 2.5 kb d t fu / gmb x k_over | C21: cA_Vdpb | D21: =2.5*cA_kb*bolt_M10_d*sec_t*fu/gamma_mb*k_over -> 15375 | E21: N | F21: cl 10.3.4; ply t = 5 mm | G21: V
A22: 16 | B22: Tdb = min(0.9 fub An, fyb Asb gm1/gm0)/gmb | C22: cA_Tdb | D22: =MIN(0.9*fub88*bolt_M10_An,fyb88*bolt_M10_Asb*gamma_m1/gamma_m0)/gamma_mb -> 33408 | E22: N | F22: cl 10.3.5 | G22: V
A23: 17 | B23: Design shear (envelope) | C23: cA_V | D23: =Combos!$N$10 -> 724.50211 | E23: N | F23: Combos
A24: 18 | B24: Design tension (envelope) | C24: cA_T | D24: =0 -> 0 | E24: N | F24: Combos
A25: 19 | B25: Bolt M10 joint A (shear / tension / combined, max) - demand | C25: ck_A_d | D25: =MAX(cA_V/MIN(cA_Vdsb,cA_Vdpb),cA_T/cA_Tdb,(cA_V/MIN(cA_Vdsb,cA_Vdpb))^2+(cA_T/cA_Tdb)^2) -> 0.047122089 | E25: - | F25: cl 10.3.6 combined
A26: 20 | B26: Bolt M10 joint A (shear / tension / combined, max) - capacity | C26: ck_A_c | D26: 1 | E26: -
A27: 21 | B27: Bolt M10 joint A (shear / tension / combined, max) - utilisation | C27: ck_A_ur | D27: =ck_A_d -> 0.047122089 | E27: -
A28: 22 | B28: status | C28: ck_A_ok | D28: =IF(ck_A_ur<=1,"PASS","FAIL") -> PASS
A29: M10 HDG 8.8 vertical-inclined (joint B)
A30: 23 | B30: kb = min(e/(3 d0), fub/fu, 1.0) (single bolt, no pitch) | C30: cB_kb | D30: =MIN(edge_min/(3*d0_14),fub88/fu,1) -> 0.53571429 | E30: - | F30: cl 10.3.4 | G30: V | H30: e = 22.5 mm (smaller edge/end distance)
A31: 24 | B31: Vdsb = fub/sqrt3 * An / gmb | C31: cB_Vdsb | D31: =fub88/SQRT(3)*bolt_M10_An/gamma_mb -> 21431.242 | E31: N | F31: cl 10.3.3 | G31: V
A32: 25 | B32: Vdpb = 2.5 kb d t fu / gmb x k_over | C32: cB_Vdpb | D32: =2.5*cB_kb*bolt_M10_d*sec_t*fu/gamma_mb*k_over -> 15375 | E32: N | F32: cl 10.3.4; ply t = 5 mm | G32: V
A33: 26 | B33: Tdb = min(0.9 fub An, fyb Asb gm1/gm0)/gmb | C33: cB_Tdb | D33: =MIN(0.9*fub88*bolt_M10_An,fyb88*bolt_M10_Asb*gamma_m1/gamma_m0)/gamma_mb -> 33408 | E33: N | F33: cl 10.3.5 | G33: V
A34: 27 | B34: Design shear (envelope) | C34: cB_V | D34: =Combos!$N$10 -> 724.50211 | E34: N | F34: Combos
A35: 28 | B35: Design tension (envelope) | C35: cB_T | D35: =0 -> 0 | E35: N | F35: Combos
A36: 29 | B36: Bolt M10 joint B (shear / tension / combined, max) - demand | C36: ck_B_d | D36: =MAX(cB_V/MIN(cB_Vdsb,cB_Vdpb),cB_T/cB_Tdb,(cB_V/MIN(cB_Vdsb,cB_Vdpb))^2+(cB_T/cB_Tdb)^2) -> 0.047122089 | E36: - | F36: cl 10.3.6 combined
A37: 30 | B37: Bolt M10 joint B (shear / tension / combined, max) - capacity | C37: ck_B_c | D37: 1 | E37: -
A38: 31 | B38: Bolt M10 joint B (shear / tension / combined, max) - utilisation | C38: ck_B_ur | D38: =ck_B_d -> 0.047122089 | E38: -
A39: 32 | B39: status | C39: ck_B_ok | D39: =IF(ck_B_ur<=1,"PASS","FAIL") -> PASS
A40: M12 HDG 8.8 base-inclined (joint C)
A41: 33 | B41: kb = min(e/(3 d0), fub/fu, 1.0) (single bolt, no pitch) | C41: cC_kb | D41: =MIN(edge_min/(3*d0_14),fub88/fu,1) -> 0.53571429 | E41: - | F41: cl 10.3.4 | G41: V | H41: e = 22.5 mm (smaller edge/end distance)
A42: 34 | B42: Vdsb = fub/sqrt3 * An / gmb | C42: cC_Vdsb | D42: =fub88/SQRT(3)*bolt_M12_An/gamma_mb -> 31149.202 | E42: N | F42: cl 10.3.3 | G42: V
A43: 35 | B43: Vdpb = 2.5 kb d t fu / gmb x k_over | C43: cC_Vdpb | D43: =2.5*cC_kb*bolt_M12_d*sec_t*fu/gamma_mb*k_over -> 18450 | E43: N | F43: cl 10.3.4; ply t = 5 mm | G43: V
A44: 36 | B44: Tdb = min(0.9 fub An, fyb Asb gm1/gm0)/gmb | C44: cC_Tdb | D44: =MIN(0.9*fub88*bolt_M12_An,fyb88*bolt_M12_Asb*gamma_m1/gamma_m0)/gamma_mb -> 48556.8 | E44: N | F44: cl 10.3.5 | G44: V
A45: 37 | B45: Design shear (envelope) | C45: cC_V | D45: =Combos!$L$64 -> 732.11996 | E45: N | F45: Combos
A46: 38 | B46: Design tension (envelope) | C46: cC_T | D46: =0 -> 0 | E46: N | F46: Combos
A47: 39 | B47: Bolt M12 joint C (shear / tension / combined, max) - demand | C47: ck_C_d | D47: =MAX(cC_V/MIN(cC_Vdsb,cC_Vdpb),cC_T/cC_Tdb,(cC_V/MIN(cC_Vdsb,cC_Vdpb))^2+(cC_T/cC_Tdb)^2) -> 0.039681299 | E47: - | F47: cl 10.3.6 combined
A48: 40 | B48: Bolt M12 joint C (shear / tension / combined, max) - capacity | C48: ck_C_c | D48: 1 | E48: -
A49: 41 | B49: Bolt M12 joint C (shear / tension / combined, max) - utilisation | C49: ck_C_ur | D49: =ck_C_d -> 0.039681299 | E49: -
A50: 42 | B50: status | C50: ck_C_ok | D50: =IF(ck_C_ur<=1,"PASS","FAIL") -> PASS
A51: M8 SS-304 (A2-70) module-inclined (slot 9x14)
A52: 43 | B52: kb = min(e/(3 d0), fub/fu, 1.0) (single bolt, no pitch) | C52: cM_kb | D52: =MIN(edge_min/(3*d0_M8),fub_ss/fu,1) -> 0.83333333 | E52: - | F52: cl 10.3.4 | G52: V | H52: e = 22.5 mm (smaller edge/end distance)
A53: 44 | B53: Vdsb = fub/sqrt3 * An / gmb | C53: cM_Vdsb | D53: =fub_ss/SQRT(3)*bolt_M8_An/gamma_mb -> 11833.371 | E53: N | F53: cl 10.3.3 | G53: V
A54: 45 | B54: Vdpb = 2.5 kb d t fu / gmb x k_over | C54: cM_Vdpb | D54: =2.5*cM_kb*bolt_M8_d*sec_t*fu/gamma_mb*k_over -> 19133.333 | E54: N | F54: cl 10.3.4; ply t = 5 mm | G54: V
A55: 46 | B55: Tdb = min(0.9 fub An, fyb Asb gm1/gm0)/gmb | C55: cM_Tdb | D55: =MIN(0.9*fub_ss*bolt_M8_An,fyb_ss*bolt_M8_Asb*gamma_m1/gamma_m0)/gamma_mb -> 18446.4 | E55: N | F55: cl 10.3.5 | G55: V
A56: 47 | B56: Design shear (envelope) | C56: cM_V | D56: =Combos!$L$66 -> 29.340459 | E56: N | F56: Combos
A57: 48 | B57: Design tension (envelope) | C57: cM_T | D57: =Combos!$L$65 -> 734.56522 | E57: N | F57: Combos
A58: 49 | B58: Bolt M8 joint M (shear / tension / combined, max) - demand | C58: ck_M_d | D58: =MAX(cM_V/MIN(cM_Vdsb,cM_Vdpb),cM_T/cM_Tdb,(cM_V/MIN(cM_Vdsb,cM_Vdpb))^2+(cM_T/cM_Tdb)^2) -> 0.039821603 | E58: - | F58: cl 10.3.6 combined
A59: 50 | B59: Bolt M8 joint M (shear / tension / combined, max) - capacity | C59: ck_M_c | D59: 1 | E59: -
A60: 51 | B60: Bolt M8 joint M (shear / tension / combined, max) - utilisation | C60: ck_M_ur | D60: =ck_M_d -> 0.039821603 | E60: -
A61: 52 | B61: status | C61: ck_M_ok | D61: =IF(ck_M_ur<=1,"PASS","FAIL") -> PASS
A62: End / edge distances - cl 10.2.4.2: >= 1.5 d0 (rolled / machine-flame-cut edges)
A63: 53 | B63: Base Ø14 @A (end 27.5, edge 22.5) - required 1.5 d0 | C63: ed0_min | D63: =1.5*d0_14 -> 21 | E63: mm | F63: cl 10.2.4.2 | G63: V
A64: 54 | B64: provided (minimum of end / edge) | C64: ed0_act | D64: =MIN(base_end_A,edge_min) -> 22.5 | E64: mm | G64: V
A65: 55 | B65: status | C65: ed0_ok | D65: =IF(ed0_act>=ed0_min,"PASS","FAIL") -> PASS
A66: 56 | B66: Base Ø14 @C (end 25, edge 22.5) - required 1.5 d0 | C66: ed1_min | D66: =1.5*d0_14 -> 21 | E66: mm | F66: cl 10.2.4.2 | G66: V
A67: 57 | B67: provided (minimum of end / edge) | C67: ed1_act | D67: =MIN(base_end_C,edge_min) -> 22.5 | E67: mm | G67: V
A68: 58 | B68: status | C68: ed1_ok | D68: =IF(ed1_act>=ed1_min,"PASS","FAIL") -> PASS
A69: 59 | B69: Base Ø18 J-bolt holes (edge 22.5) - required 1.5 d0 | C69: ed2_min | D69: =1.5*d0_J -> 27 | E69: mm | F69: cl 10.2.4.2 | G69: V
A70: 60 | B70: provided (minimum of end / edge) | C70: ed2_act | D70: =edge_min -> 22.5 | E70: mm | G70: V
A71: 61 | B71: status | C71: ed2_ok | D71: =IF(ed2_act>=ed2_min,"PASS","FAIL") -> FAIL | H71: DRAWING NON-CONFORMANCE: 22.5 < 27.0
A72: 62 | B72: Vertical Ø14 (end 22.5) - required 1.5 d0 | C72: ed3_min | D72: =1.5*d0_14 -> 21 | E72: mm | F72: cl 10.2.4.2 | G72: V
A73: 63 | B73: provided (minimum of end / edge) | C73: ed3_act | D73: =MIN(vert_end,edge_min) -> 22.5 | E73: mm | G73: V
A74: 64 | B74: status | C74: ed3_ok | D74: =IF(ed3_act>=ed3_min,"PASS","FAIL") -> PASS
A75: 65 | B75: Inclined Ø14 @B (end 27.47) - required 1.5 d0 | C75: ed4_min | D75: =1.5*d0_14 -> 21 | E75: mm | F75: cl 10.2.4.2 | G75: V
A76: 66 | B76: provided (minimum of end / edge) | C76: ed4_act | D76: =MIN(incl_end_B,edge_min) -> 22.5 | E76: mm | G76: V
A77: 67 | B77: status | C77: ed4_ok | D77: =IF(ed4_act>=ed4_min,"PASS","FAIL") -> PASS
A78: 68 | B78: Inclined Ø14 @C (end 28.92) - required 1.5 d0 | C78: ed5_min | D78: =1.5*d0_14 -> 21 | E78: mm | F78: cl 10.2.4.2 | G78: V
A79: 69 | B79: provided (minimum of end / edge) | C79: ed5_act | D79: =MIN(incl_end_C,edge_min) -> 22.5 | E79: mm | G79: V
A80: 70 | B80: status | C80: ed5_ok | D80: =IF(ed5_act>=ed5_min,"PASS","FAIL") -> PASS
A81: 71 | B81: Inclined slot 9x14 (edge 22.5) - required 1.5 d0 | C81: ed6_min | D81: =1.5*d0_M8 -> 13.5 | E81: mm | F81: cl 10.2.4.2 | G81: V
A82: 72 | B82: provided (minimum of end / edge) | C82: ed6_act | D82: =edge_min -> 22.5 | E82: mm | G82: V
A83: 73 | B83: status | C83: ed6_ok | D83: =IF(ed6_act>=ed6_min,"PASS","FAIL") -> PASS

Sheet Ballast
A1: 10 BALLAST STABILITY - uplift, sliding (horizontal movement), overturning
A2: Per FRAME (2 frames + 4 blocks per table). IS 800 Table 4: 0.9 DL when stabilising, 1.5 WL / 1.5 EQ. Friction mu only; no roof anchorage. J-bolts tie frame to block.
A4: # | B4: Item | C4: Name | D4: Value | E4: Unit | F4: Formula / clause / basis | G4: Status | H4: Remarks
A5: Weights per frame
A6: 1 | B6: Unit weight of concrete | C6: b_gamc | D6: =gam_c*0.000001 -> 2.4e-05 | E6: N/mm3 | F6: IS 875-1 | G6: V
A7: 2 | B7: Weight of ONE block = gamma_c * w * h * L (provided) | C7: b_Wb1 | D7: =b_gamc*block_w*block_h*block_L -> 1170 | E7: N | F7: block_L is an input (Inputs sheet) | G7: I
A8: 3 | B8: = mass of one block | C8: b_massb | D8: =b_Wb1/gacc -> 119.26606 | E8: kg
A9: 4 | B9: Half module (dead) | C9: b_Wmh | D9: =l_Wm/2 -> 142.7355 | E9: N
A10: 5 | B10: Frame steel (base+vertical+inclined) | C10: b_Wfr | D10: =l_Wbase+l_Wv+l_Winc -> 100.73371 | E10: N
A11: 6 | B11: Non-ballast dead load per frame | C11: b_Wfs | D11: =b_Wmh+b_Wfr -> 243.46921 | E11: N
A12: 7 | B12: Total dead load per frame incl. 2 blocks | C12: b_Wtot | D12: =b_Wfs+2*b_Wb1 -> 2583.4692 | E12: N
A13: Wind resultant per frame (sum of 2 slot loads, unfactored)
A14: 8 | B14: Uplift case: Fx (module bolts + UDL) | C14: b_Fux | D14: =2*Analysis!$E$6+Analysis!$E$8*g_Lm+Analysis!$E$10*g_BC -> 186.82517 | E14: N
A15: 9 | B15: Uplift case: Fy (up) | C15: b_Fuy | D15: =2*Analysis!$E$7+Analysis!$E$9*g_Lm+Analysis!$E$11*g_BC -> 1047.1956 | E15: N
A16: 10 | B16: Downward case: Fx | C16: b_Fdx | D16: =2*Analysis!$F$6+Analysis!$F$8*g_Lm+Analysis!$F$10*g_BC -> -104.21562 | E16: N
A17: 11 | B17: Downward case: Fy | C17: b_Fdy | D17: =2*Analysis!$F$7+Analysis!$F$9*g_Lm+Analysis!$F$11*g_BC -> -584.15113 | E17: N
A18: 12 | B18: Restoring moment of non-ballast DL about right toe | C18: b_Mfs | D18: =b_Wmh*(g_xpr-g_xQ)+b_Wfr*(g_xpr-g_AC/2) -> 120701.67 | E18: N.mm
A19: 13 | B19: Overturning moment, uplift case (factored 1.5) about right toe | C19: b_Mot | D19: =ll_fac*(b_Fuy*(g_xpr-g_xQ)+b_Fux*g_yQ) -> 888727.53 | E19: N.mm | F19: vertical uplift lever + horizontal x height
A20: REQUIRED block weight (each criterion solved for Wb; largest governs)
A21: 14 | B21: Uplift: 0.9(Wfs+2Wb) >= 1.5 Fuy | C21: b_Wb_up | D21: =(ll_fac*b_Fuy/dl_stab-b_Wfs)/2 -> 750.92841 | E21: N | F21: IS 800 Table 4
A22: 15 | B22: Sliding: mu[0.9(Wfs+2Wb) - 1.5 Fuy] >= 1.5 Fux | C22: b_Wb_sl | D22: =((ll_fac*b_Fuy+ll_fac*b_Fux/mu_f)/dl_stab-b_Wfs)/2 -> 1140.1475 | E22: N | F22: friction on roof
A23: 16 | B23: Overturning about right toe | C23: b_Wb_ot | D23: =(b_Mot/dl_stab-b_Mfs)/((g_xpr-g_xb1)+(g_xpr-g_xb2)) -> 866.77336 | E23: N
A24: 17 | B24: Per-block net uplift (J-bolt reactions, Combos) | C24: b_Wb_bk | D24: =MAX(Combos!$L$67,Combos!$L$68)/dl_stab -> 771.48111 | E24: N | F24: 0.9 Wb >= T_block
A25: 18 | B25: Required weight per block | C25: b_Wb_req | D25: =MAX(0,b_Wb_up,b_Wb_sl,b_Wb_ot,b_Wb_bk) -> 1140.1475 | E25: N
A26: 19 | B26: Required block length (300 w x 250 h) | C26: b_L_req | D26: =b_Wb_req/(b_gamc*block_w*block_h) -> 633.41529 | E26: mm
A27: 20 | B27: Required block length, rounded up to 50 mm | C27: b_L_rnd | D27: =ROUNDUP(b_L_req/50,0)*50 -> 650 | E27: mm
A28: 21 | B28: Governing criterion | C28: b_gov | D28: =IF(b_Wb_req=b_Wb_sl,"Sliding (friction)",IF(b_Wb_req=b_Wb_ot,"Overturning",IF(b_Wb_req=b_Wb_bk,"Per-block uplift","Uplift"))) -> Sliding (friction)
A29: CHECKS with PROVIDED block (Inputs: block_L)
A30: 22 | B30: Global uplift (factored) - demand | C30: bk_up_d | D30: =ll_fac*b_Fuy -> 1570.7934 | E30: N | F30: 0.9 DL >= 1.5 WL
A31: 23 | B31: Global uplift (factored) - capacity | C31: bk_up_c | D31: =dl_stab*b_Wtot -> 2325.1223 | E31: N
A32: 24 | B32: Global uplift (factored) - utilisation | C32: bk_up_ur | D32: =bk_up_d/bk_up_c -> 0.67557454 | E32: -
A33: 25 | B33: status | C33: bk_up_ok | D33: =IF(bk_up_ur<=1,"PASS","FAIL") -> PASS
A34: 26 | B34: Sliding - uplift case (horizontal movement) - demand | C34: bk_sl_d | D34: =ll_fac*b_Fux -> 280.23776 | E34: N | F34: mu N, N = 0.9DL - 1.5 Fuy
A35: 27 | B35: Sliding - uplift case (horizontal movement) - capacity | C35: bk_sl_c | D35: =mu_f*MAX(0,dl_stab*b_Wtot-ll_fac*b_Fuy) -> 301.73155 | E35: N
A36: 28 | B36: Sliding - uplift case (horizontal movement) - utilisation | C36: bk_sl_ur | D36: =bk_sl_d/bk_sl_c -> 0.9287652 | E36: -
A37: 29 | B37: status | C37: bk_sl_ok | D37: =IF(bk_sl_ur<=1,"PASS","FAIL") -> PASS
A38: 30 | B38: Overturning - uplift case - demand | C38: bk_ot_d | D38: =b_Mot -> 888727.53 | E38: N.mm | F38: about right toe of block 2
A39: 31 | B39: Overturning - uplift case - capacity | C39: bk_ot_c | D39: =dl_stab*(b_Mfs+b_Wb1*((g_xpr-g_xb1)+(g_xpr-g_xb2))) -> 1161631.5 | E39: N.mm
A40: 32 | B40: Overturning - uplift case - utilisation | C40: bk_ot_ur | D40: =bk_ot_d/bk_ot_c -> 0.76506838 | E40: -
A41: 33 | B41: status | C41: bk_ot_ok | D41: =IF(bk_ot_ur<=1,"PASS","FAIL") -> PASS
A42: 34 | B42: Per-block uplift from J-bolt reactions - demand | C42: bk_bl_d | D42: =MAX(Combos!$L$67,Combos!$L$68) -> 694.333 | E42: N | F42: frame continuity moment included
A43: 35 | B43: Per-block uplift from J-bolt reactions - capacity | C43: bk_bl_c | D43: =dl_stab*b_Wb1 -> 1053 | E43: N
A44: 36 | B44: Per-block uplift from J-bolt reactions - utilisation | C44: bk_bl_ur | D44: =bk_bl_d/bk_bl_c -> 0.65938556 | E44: -
A45: 37 | B45: status | C45: bk_bl_ok | D45: =IF(bk_bl_ur<=1,"PASS","FAIL") -> PASS
A46: 38 | B46: Sliding - downward wind - demand | C46: bk_sd_d | D46: =ll_fac*ABS(b_Fdx) -> 156.32342 | E46: N | F46: 1.5DL + 1.5WL
A47: 39 | B47: Sliding - downward wind - capacity | C47: bk_sd_c | D47: =mu_f*(1.5*b_Wtot+ll_fac*ABS(b_Fdy)) -> 1900.5722 | E47: N
A48: 40 | B48: Sliding - downward wind - utilisation | C48: bk_sd_ur | D48: =bk_sd_d/bk_sd_c -> 0.082250716 | E48: -
A49: 41 | B49: status | C49: bk_sd_ok | D49: =IF(bk_sd_ur<=1,"PASS","FAIL") -> PASS
A50: 42 | B50: Overturning - downward wind (left toe) - demand | C50: bk_od_d | D50: =MAX(0,ll_fac*(ABS(b_Fdx)*g_yQ-ABS(b_Fdy)*(g_xQ-g_xpl))) -> 0 | E50: N.mm
A51: 43 | B51: Overturning - downward wind (left toe) - capacity | C51: bk_od_c | D51: =1.5*(b_Wmh*(g_xQ-g_xpl)+b_Wfr*(g_AC/2-g_xpl)+b_Wb1*((g_xb1-g_xpl)+(g_xb2-g_xpl))) -> 1939151.3 | E51: N.mm
A52: 44 | B52: Overturning - downward wind (left toe) - utilisation | C52: bk_od_ur | D52: =bk_od_d/bk_od_c -> 0 | E52: -
A53: 45 | B53: status | C53: bk_od_ok | D53: =IF(bk_od_ur<=1,"PASS","FAIL") -> PASS
A54: 46 | B54: Sliding - seismic - demand | C54: bk_se_d | D54: =ll_fac*l_Ah*b_Wtot -> 387.52038 | E54: N | F54: IS 1893 horizontal; no vertical EQ
A55: 47 | B55: Sliding - seismic - capacity | C55: bk_se_c | D55: =mu_f*dl_stab*b_Wtot -> 930.04891 | E55: N
A56: 48 | B56: Sliding - seismic - utilisation | C56: bk_se_ur | D56: =bk_se_d/bk_se_c -> 0.41666667 | E56: -
A57: 49 | B57: status | C57: bk_se_ok | D57: =IF(bk_se_ur<=1,"PASS","FAIL") -> PASS
A58: 50 | B58: Overturning - seismic - demand | C58: bk_oe_d | D58: =ll_fac*l_Ah*(b_Wmh*g_yQ+b_Wfr*(g_yA+g_yB)/2+2*b_Wb1*block_h/2) -> 58271.844 | E58: N.mm
A59: 51 | B59: Overturning - seismic - capacity | C59: bk_oe_c | D59: =dl_stab*(b_Mfs+b_Wb1*((g_xpr-g_xb1)+(g_xpr-g_xb2))) -> 1161631.5 | E59: N.mm
A60: 52 | B60: Overturning - seismic - utilisation | C60: bk_oe_ur | D60: =bk_oe_d/bk_oe_c -> 0.050163794 | E60: -
A61: 53 | B61: status | C61: bk_oe_ok | D61: =IF(bk_oe_ur<=1,"PASS","FAIL") -> PASS
A62: Information for the building structural engineer
A63: 54 | B63: Average ballast + array dead load on roof footprint | C63: b_roof | D63: =2*b_Wtot/1000/((base_len/1000)*(mod_L/1000)) -> 1.8893295 | E63: kN/m2 | F63: per module footprint 1.2 x 2.279 m | G63: I | H63: CONFIRM roof slab capacity
A64: 55 | B64: Number of blocks in project (82 tables x 4) | C64: b_blkmass | D64: =82*4 -> 328 | E64: nos | F64: BOM: 82 tables, 8 J-bolts/table | G64: V
A65: 56 | B65: Concrete volume for all blocks | C65: b_concvol | D65: =b_blkmass*block_w*block_h*block_L/1000000000 -> 15.99 | E65: m3

Sheet Anchorage
A1: 11 J-BOLT ANCHORAGE - M16 (as drawn) and M10 (alternate)
A2: IS 800 cl 10.3 (bolt steel) + IS 456 cl 26.2 (bond + standard hook). Concrete-cone breakout is not covered by any IS -> NOT checked (declared).
A4: # | B4: Item | C4: Name | D4: Value | E4: Unit | F4: Formula / clause / basis | G4: Status | H4: Remarks
A5: Demands per J-bolt (envelope, strength combinations)
A6: 1 | B6: Max factored tension in any J-bolt | C6: a_T | D6: =Combos!$L$69 -> 1468.4666 | E6: N | F6: frame-continuity reactions J1..J4
A7: 2 | B7: Shear per J-bolt = max |H| / 4 (equal share) | C7: a_V | D7: =Combos!$N$40/4 -> 70.05944 | E7: N | F7: all 4 bolts of a rigid frame | G7: I
A8: 3 | B8: Design bond stress tau_bd (plain bar, tension) | C8: a_tau | D8: =VLOOKUP(fck,TAU_tab,2,FALSE()) -> 1.2 | E8: MPa | F8: IS 456 cl 26.2.1.1 | G8: V
A9: 4 | B9: Practical minimum straight embedment | C9: a_Lsmin | D9: 100 | E9: mm | F9: engineering practice (not IS) | G9: I
A10: 5 | B10: Plate washer PLT 50x50x5 thickness | C10: a_plate | D10: 5 | E10: mm | F10: Drawing sh.2 | G10: I
A11: M16 J-bolt (HDG 8.8)
A12: 6 | B12: Plain washer thickness (x4 per BOM) | C12: a_M16_tw | D12: 3 | E12: mm | F12: IS 2016 | G12: I
A13: 7 | B13: Spring washer thickness | C13: a_M16_tsp | D13: 4 | E13: mm | F13: IS 3063 | G13: I
A14: 8 | B14: Nut height | C14: a_M16_tn | D14: 14.8 | E14: mm | F14: IS 1364 | G14: I
A15: 9 | B15: Thread beyond nut (2 pitches) | C15: a_M16_th | D15: 4 | E15: mm | G15: I
A16: 10 | B16: Tdb = min(0.9 fub An, fyb Asb gm1/gm0)/gmb | C16: a_M16_Tdb | D16: =MIN(0.9*fub88*bolt_M16_An,fyb88*bolt_M16_Asb*gamma_m1/gamma_m0)/gamma_mb -> 90432 | E16: N | F16: cl 10.3.5 | G16: V
A17: 11 | B17: Vdsb = fub/sqrt3 An / gmb | C17: a_M16_Vdsb | D17: =fub88/SQRT(3)*bolt_M16_An/gamma_mb -> 58012.155 | E17: N | F17: cl 10.3.3 | G17: V
A18: 12 | B18: kb for bearing on base leg (hole Ø18) | C18: a_M16_kb | D18: =MIN(edge_min/(3*d0_J),fub88/fu,1) -> 0.41666667 | E18: - | F18: cl 10.3.4 | G18: V
A19: 13 | B19: Vdpb x k_over (hole larger than standard) | C19: a_M16_Vdpb | D19: =2.5*a_M16_kb*bolt_M16_d*sec_t*fu/gamma_mb*k_over -> 19133.333 | E19: N | G19: V
A20: 14 | B20: M16 bolt tension - demand | C20: ak_M16_T_d | D20: =a_T -> 1468.4666 | E20: N | F20: cl 10.3.5
A21: 15 | B21: M16 bolt tension - capacity | C21: ak_M16_T_c | D21: =a_M16_Tdb -> 90432 | E21: N
A22: 16 | B22: M16 bolt tension - utilisation | C22: ak_M16_T_ur | D22: =ak_M16_T_d/ak_M16_T_c -> 0.016238351 | E22: -
A23: 17 | B23: status | C23: ak_M16_T_ok | D23: =IF(ak_M16_T_ur<=1,"PASS","FAIL") -> PASS
A24: 18 | B24: M16 combined shear+tension - demand | C24: ak_M16_C_d | D24: =(a_V/MIN(a_M16_Vdsb,a_M16_Vdpb))^2+(a_T/a_M16_Tdb)^2 -> 0.00027709168 | E24: - | F24: cl 10.3.6
A25: 19 | B25: M16 combined shear+tension - capacity | C25: ak_M16_C_c | D25: 1 | E25: -
A26: 20 | B26: M16 combined shear+tension - utilisation | C26: ak_M16_C_ur | D26: =ak_M16_C_d -> 0.00027709168 | E26: -
A27: 21 | B27: status | C27: ak_M16_C_ok | D27: =IF(ak_M16_C_ur<=1,"PASS","FAIL") -> PASS
A28: 22 | B28: Anchorage value of standard hook = 16 phi | C28: a_M16_hook | D28: =16*bolt_M16_d -> 256 | E28: mm | F28: IS 456 cl 26.2.2.1 | G28: V
A29: 23 | B29: Straight embedment required = max(0, T/(tau pi phi) - hook) | C29: a_M16_Lsreq | D29: =MAX(0,a_T/(a_tau*PI()*bolt_M16_d)-a_M16_hook) -> 0 | E29: mm | F29: IS 456 cl 26.2.1: Ld = phi sigma/(4 tau) | G29: V
A30: 24 | B30: Straight embedment adopted = max(required, practical min) | C30: a_M16_Lsrec | D30: =MAX(a_M16_Lsreq,a_Lsmin) -> 100 | E30: mm
A31: 25 | B31: M16 bond + hook pull-out - demand | C31: ak_M16_B_d | D31: =a_T -> 1468.4666 | E31: N | F31: IS 456 cl 26.2.1 / 26.2.2.1
A32: 26 | B32: M16 bond + hook pull-out - capacity | C32: ak_M16_B_c | D32: =a_tau*PI()*bolt_M16_d*(a_M16_Lsrec+a_M16_hook) -> 21473.414 | E32: N
A33: 27 | B33: M16 bond + hook pull-out - utilisation | C33: ak_M16_B_ur | D33: =ak_M16_B_d/ak_M16_B_c -> 0.068385332 | E33: -
A34: 28 | B34: status | C34: ak_M16_B_ok | D34: =IF(ak_M16_B_ur<=1,"PASS","FAIL") -> PASS
A35: 29 | B35: Projection above block (leg+plate+4 washers+spring+nut+thread) | C35: a_M16_Lproj | D35: =sec_t+a_plate+4*a_M16_tw+a_M16_tsp+a_M16_tn+a_M16_th -> 44.8 | E35: mm | G35: I
A36: 30 | B36: REQUIRED M16 J-BOLT LENGTH (shank, to start of hook) | C36: a_M16_Ltot | D36: =ROUNDUP((a_M16_Lproj+a_M16_Lsrec)/10,0)*10 -> 150 | E36: mm | F36: projection + embedment, rounded to 10 mm
A37: 31 | B37: Fit in block: embedment + 3 phi bend + 25 mm cover <= block height | C37: a_M16_fit | D37: =IF(a_M16_Lsrec+3*bolt_M16_d+25<=block_h,"PASS","FAIL") -> PASS
A38: M10 J-bolt (HDG 8.8)
A39: 32 | B39: Plain washer thickness (x4 per BOM) | C39: a_M10_tw | D39: 2.5 | E39: mm | F39: IS 2016 | G39: I
A40: 33 | B40: Spring washer thickness | C40: a_M10_tsp | D40: 2.5 | E40: mm | F40: IS 3063 | G40: I
A41: 34 | B41: Nut height | C41: a_M10_tn | D41: 8.4 | E41: mm | F41: IS 1364 | G41: I
A42: 35 | B42: Thread beyond nut (2 pitches) | C42: a_M10_th | D42: 3 | E42: mm | G42: I
A43: 36 | B43: Tdb = min(0.9 fub An, fyb Asb gm1/gm0)/gmb | C43: a_M10_Tdb | D43: =MIN(0.9*fub88*bolt_M10_An,fyb88*bolt_M10_Asb*gamma_m1/gamma_m0)/gamma_mb -> 33408 | E43: N | F43: cl 10.3.5 | G43: V
A44: 37 | B44: Vdsb = fub/sqrt3 An / gmb | C44: a_M10_Vdsb | D44: =fub88/SQRT(3)*bolt_M10_An/gamma_mb -> 21431.242 | E44: N | F44: cl 10.3.3 | G44: V
A45: 38 | B45: kb for bearing on base leg (hole Ø18) | C45: a_M10_kb | D45: =MIN(edge_min/(3*d0_J),fub88/fu,1) -> 0.41666667 | E45: - | F45: cl 10.3.4 | G45: V
A46: 39 | B46: Vdpb x k_over (hole larger than standard) | C46: a_M10_Vdpb | D46: =2.5*a_M10_kb*bolt_M10_d*sec_t*fu/gamma_mb*k_over -> 11958.333 | E46: N | G46: V
A47: 40 | B47: M10 bolt tension - demand | C47: ak_M10_T_d | D47: =a_T -> 1468.4666 | E47: N | F47: cl 10.3.5
A48: 41 | B48: M10 bolt tension - capacity | C48: ak_M10_T_c | D48: =a_M10_Tdb -> 33408 | E48: N
A49: 42 | B49: M10 bolt tension - utilisation | C49: ak_M10_T_ur | D49: =ak_M10_T_d/ak_M10_T_c -> 0.043955536 | E49: -
A50: 43 | B50: status | C50: ak_M10_T_ok | D50: =IF(ak_M10_T_ur<=1,"PASS","FAIL") -> PASS
A51: 44 | B51: M10 combined shear+tension - demand | C51: ak_M10_C_d | D51: =(a_V/MIN(a_M10_Vdsb,a_M10_Vdpb))^2+(a_T/a_M10_Tdb)^2 -> 0.0019664127 | E51: - | F51: cl 10.3.6
A52: 45 | B52: M10 combined shear+tension - capacity | C52: ak_M10_C_c | D52: 1 | E52: -
A53: 46 | B53: M10 combined shear+tension - utilisation | C53: ak_M10_C_ur | D53: =ak_M10_C_d -> 0.0019664127 | E53: -
A54: 47 | B54: status | C54: ak_M10_C_ok | D54: =IF(ak_M10_C_ur<=1,"PASS","FAIL") -> PASS
A55: 48 | B55: Anchorage value of standard hook = 16 phi | C55: a_M10_hook | D55: =16*bolt_M10_d -> 160 | E55: mm | F55: IS 456 cl 26.2.2.1 | G55: V
A56: 49 | B56: Straight embedment required = max(0, T/(tau pi phi) - hook) | C56: a_M10_Lsreq | D56: =MAX(0,a_T/(a_tau*PI()*bolt_M10_d)-a_M10_hook) -> 0 | E56: mm | F56: IS 456 cl 26.2.1: Ld = phi sigma/(4 tau) | G56: V
A57: 50 | B57: Straight embedment adopted = max(required, practical min) | C57: a_M10_Lsrec | D57: =MAX(a_M10_Lsreq,a_Lsmin) -> 100 | E57: mm
A58: 51 | B58: M10 bond + hook pull-out - demand | C58: ak_M10_B_d | D58: =a_T -> 1468.4666 | E58: N | F58: IS 456 cl 26.2.1 / 26.2.2.1
A59: 52 | B59: M10 bond + hook pull-out - capacity | C59: ak_M10_B_c | D59: =a_tau*PI()*bolt_M10_d*(a_M10_Lsrec+a_M10_hook) -> 9801.7691 | E59: N
A60: 53 | B60: M10 bond + hook pull-out - utilisation | C60: ak_M10_B_ur | D60: =ak_M10_B_d/ak_M10_B_c -> 0.14981648 | E60: -
A61: 54 | B61: status | C61: ak_M10_B_ok | D61: =IF(ak_M10_B_ur<=1,"PASS","FAIL") -> PASS
A62: 55 | B62: Projection above block (leg+plate+4 washers+spring+nut+thread) | C62: a_M10_Lproj | D62: =sec_t+a_plate+4*a_M10_tw+a_M10_tsp+a_M10_tn+a_M10_th -> 33.9 | E62: mm | G62: I
A63: 56 | B63: REQUIRED M10 J-BOLT LENGTH (shank, to start of hook) | C63: a_M10_Ltot | D63: =ROUNDUP((a_M10_Lproj+a_M10_Lsrec)/10,0)*10 -> 140 | E63: mm | F63: projection + embedment, rounded to 10 mm
A64: 57 | B64: Fit in block: embedment + 3 phi bend + 25 mm cover <= block height | C64: a_M10_fit | D64: =IF(a_M10_Lsrec+3*bolt_M10_d+25<=block_h,"PASS","FAIL") -> PASS
A65: 58 | B65: BOM J-bolt length (M16) | C65: a_BOM | D65: 150 | E65: mm | F65: Hardware BOM item 5 | G65: V
A66: 59 | B66: BOM length >= required M16 length? | C66: a_BOMok | D66: =IF(a_BOM>=a_M16_Ltot,"PASS","FAIL") -> PASS
A67: Not covered by any IS (declared)
A68: 60 | B68: Concrete cone breakout / side-blowout of J-bolts in a 300x250 block | C68: a_note | D68: not checked | F68: No IS provision; ballast weight (Ballast sheet) resists uplift by mass | G68: I

Sheet Deflection
A1: 12 DEFLECTION - IS 800:2007 cl 5.6.1, Table 6 (service loads DL + WL, unfactored)
A2: Limit L/180 (brittle glass cladding) on the inclined rail; base overhangs limited to 2 x overhang / 180 (cantilever, assumed). R1: module UDL included.
A4: # | B4: Item | C4: Name | D4: Value | E4: Unit | F4: Formula / clause / basis | G4: Status | H4: Remarks
A5: 1 | B5: EI (in-plane, free sideways) | C5: d_EI | D5: =Es*g_Ieff -> 1.4416631e+10 | E5: N.mm2 | F5: I_eff from Section
A6: 2 | B6: Load 1 distance to nearest support | C6: d_a1 | D6: =MIN(g_s1,g_BC-g_s1) -> 39.53 | E6: mm
A7: 3 | B7: Load 2 distance to nearest support | C7: d_a2 | D7: =MIN(g_s2,g_BC-g_s2) -> 38.08 | E7: mm
A8: 4 | B8: Inclined member mid-span deflection, S1 | C8: d_inc_S1 | D8: =ABS(Combos!$J$14*(d_a1*(3*g_BC^2-4*d_a1^2)+d_a2*(3*g_BC^2-4*d_a2^2))/(48*d_EI)+Combos!$J$18*5*g_BC^4/(384*d_EI)) -> 0.40689742 | E8: mm | F8: points: P a (3L^2-4a^2)/(48EI); UDL: 5 q L^4/(384EI) over full span (conservative)
A9: 5 | B9: Base tip deflection at A, S1 | C9: d_A_S1 | D9: =ABS(Combos!$J$60) -> 0.060019779 | E9: mm | F9: Analysis step 3
A10: 6 | B10: Base tip deflection at C, S1 | C10: d_C_S1 | D10: =ABS(Combos!$J$61) -> 0.058525623 | E10: mm
A11: 7 | B11: Inclined member mid-span deflection, S2 | C11: d_inc_S2 | D11: =ABS(Combos!$K$14*(d_a1*(3*g_BC^2-4*d_a1^2)+d_a2*(3*g_BC^2-4*d_a2^2))/(48*d_EI)+Combos!$K$18*5*g_BC^4/(384*d_EI)) -> 0.028695363 | E11: mm | F11: points: P a (3L^2-4a^2)/(48EI); UDL: 5 q L^4/(384EI) over full span (conservative)
A12: 8 | B12: Base tip deflection at A, S2 | C12: d_A_S2 | D12: =ABS(Combos!$K$60) -> 0.063268993 | E12: mm | F12: Analysis step 3
A13: 9 | B13: Base tip deflection at C, S2 | C13: d_C_S2 | D13: =ABS(Combos!$K$61) -> 0.062584121 | E13: mm
A14: 10 | B14: Inclined member (limit L/180) - demand | C14: dk_inc_d | D14: =MAX(d_inc_S1,d_inc_S2) -> 0.40689742 | E14: mm | F14: Table 6 purlins/rails, brittle cladding
A15: 11 | B15: Inclined member (limit L/180) - capacity | C15: dk_inc_c | D15: =g_BC/defl_div -> 6.4756584 | E15: mm
A16: 12 | B16: Inclined member (limit L/180) - utilisation | C16: dk_inc_ur | D16: =dk_inc_d/dk_inc_c -> 0.062834911 | E16: -
A17: 13 | B17: status | C17: dk_inc_ok | D17: =IF(dk_inc_ur<=1,"PASS","FAIL") -> PASS
A18: 14 | B18: Base overhang A (limit 2a/180) - demand | C18: dk_A_d | D18: =MAX(d_A_S1,d_A_S2) -> 0.063268993 | E18: mm | F18: Table 6 cantilever (assumed)
A19: 15 | B19: Base overhang A (limit 2a/180) - capacity | C19: dk_A_c | D19: =2*g_a1/defl_div -> 1.6388889 | E19: mm
A20: 16 | B20: Base overhang A (limit 2a/180) - utilisation | C20: dk_A_ur | D20: =dk_A_d/dk_A_c -> 0.038604809 | E20: -
A21: 17 | B21: status | C21: dk_A_ok | D21: =IF(dk_A_ur<=1,"PASS","FAIL") -> PASS
A22: 18 | B22: Base overhang C (limit 2c/180) - demand | C22: dk_C_d | D22: =MAX(d_C_S1,d_C_S2) -> 0.062584121 | E22: mm
A23: 19 | B23: Base overhang C (limit 2c/180) - capacity | C23: dk_C_c | D23: =2*g_c2/defl_div -> 1.6666667 | E23: mm
A24: 20 | B24: Base overhang C (limit 2c/180) - utilisation | C24: dk_C_ur | D24: =dk_C_d/dk_C_c -> 0.037550472 | E24: -
A25: 21 | B25: status | C25: dk_C_ok | D25: =IF(dk_C_ur<=1,"PASS","FAIL") -> PASS

Sheet STAAD_Map
A1: 13 STAAD MODEL MAP - nodes, members, loads, and Excel-vs-STAAD comparison
A2: Model file: staad/CDSCO_45kW_frame.std. Paste STAAD results into the yellow cells: differences are computed automatically (tolerance 1 %).
A4: # | B4: Item | C4: Name | D4: Value | E4: Unit | F4: Formula / clause / basis | G4: Status | H4: Remarks
A5: Nodes (m). y measured from roof surface. STAAD: UNIT METER KN for JOINT COORDINATES
A6: 1 | B6: Node 1 = A X | C6: sn_Ax | D6: =(0)/1000 -> 0 | E6: m
A7: 2 | B7: A Y | C7: sn_Ay | D7: =(g_yA)/1000 -> 0.2775 | E7: m
A8: 3 | B8: Node 2 = J1 X | C8: sn_J1x | D8: =(g_J1)/1000 -> 0.1475 | E8: m
A9: 4 | B9: J1 Y | C9: sn_J1y | D9: =(g_yA)/1000 -> 0.2775 | E9: m
A10: 5 | B10: Node 3 = J2 X | C10: sn_J2x | D10: =(g_J2)/1000 -> 0.2975 | E10: m
A11: 6 | B11: J2 Y | C11: sn_J2y | D11: =(g_yA)/1000 -> 0.2775 | E11: m
A12: 7 | B12: Node 4 = J3 X | C12: sn_J3x | D12: =(g_J3)/1000 -> 0.8475 | E12: m
A13: 8 | B13: J3 Y | C13: sn_J3y | D13: =(g_yA)/1000 -> 0.2775 | E13: m
A14: 9 | B14: Node 5 = J4 X | C14: sn_J4x | D14: =(g_J4)/1000 -> 0.9975 | E14: m
A15: 10 | B15: J4 Y | C15: sn_J4y | D15: =(g_yA)/1000 -> 0.2775 | E15: m
A16: 11 | B16: Node 6 = C X | C16: sn_Cx | D16: =(g_AC)/1000 -> 1.1475 | E16: m
A17: 12 | B17: C Y | C17: sn_Cy | D17: =(g_yA)/1000 -> 0.2775 | E17: m
A18: 13 | B18: Node 7 = B X | C18: sn_Bx | D18: =(0)/1000 -> 0 | E18: m
A19: 14 | B19: B Y | C19: sn_By | D19: =(g_yB)/1000 -> 0.48222 | E19: m
A20: 15 | B20: Node 8 = S1 X | C20: sn_S1x | D20: =(g_S1x)/1000 -> 0.038915541 | E20: m
A21: 16 | B21: S1 Y | C21: sn_S1y | D21: =(g_S1y)/1000 -> 0.47527726 | E21: m
A22: 17 | B22: Node 9 = M X | C22: sn_Mx | D22: =(g_Mx)/1000 -> 0.57446373 | E22: m
A23: 18 | B23: M Y | C23: sn_My | D23: =(g_My)/1000 -> 0.37973267 | E23: m
A24: 19 | B24: Node 10 = S2 X | C24: sn_S2x | D24: =(g_S2x)/1000 -> 1.1100119 | E24: m
A25: 20 | B25: S2 Y | C25: sn_S2y | D25: =(g_S2y)/1000 -> 0.28418807 | E25: m
A26: 21 | B26: Node 11 = Pa X | C26: sn_Pax | D26: =(g_Pax)/1000 -> 0.016277248 | E26: m
A27: 22 | B27: Pa Y | C27: sn_Pay | D27: =(g_Pay)/1000 -> 0.47931605 | E27: m
A28: 23 | B28: Node 12 = Pb X | C28: sn_Pbx | D28: =(g_Pbx)/1000 -> 1.1326502 | E28: m
A29: 24 | B29: Pb Y | C29: sn_Pby | D29: =(g_Pby)/1000 -> 0.28014928 | E29: m
A30: Members, properties, releases, supports (as in the .std file)
B31: Base: members 1-5 = A-J1, J1-J2, J2-J3, J3-J4, J4-C beam, PRISMATIC AX=sec_A IZ=I_eff IY=I_eff (constant EI)
B32: Vertical: member 6 = A-B MEMBER TRUSS (axial only: pinned single-bolt joints)
B33: Rafter: members 7-12 = B-Pa, Pa-S1, S1-M, M-S2, S2-Pb, Pb-C; member 12: END release MZ at C (pin). Pa-Pb = module contact zone
B34: Supports: J1 = FX FY FZ MX MY fixed (MZ free); J2, J3, J4 = FY FZ MX MY fixed
B35: Load cases: 1 DL, 2 WL uplift, 3 WL down, 4 EQ +X. R1: module weight = UNI GY on members 8-11 (UDL over contact zone); rafter self-weight UNI on 7-12; base UDL on 1-5. Combos 11-18 = C1-C6, S1, S2
B36: STAAD printed in NEWTON/MMS: reaction FY is UP-positive (same sign as Excel R); axial: STAAD prints +ve = compression, so compare ABS.
A37: COMPARISON Excel (closed form) vs STAAD (paste STAAD values in yellow; units N / mm)
A38: # | B38: Quantity | D38: Excel | E38: STAAD | F38: Diff % | G38: Status | H38: STAAD output to read
A39: 1 | B39: Reaction FY at J1, C1 | D39: =Combos!$D$56 -> 1263.5023 | F39: =IF(ISNUMBER(E39),IF(ABS(D39)<1,ABS(E39-D39),(E39-D39)/ABS(D39)*100),"") | G39: =IF(ISNUMBER(F39),IF(ABS(F39)<=1,"PASS","FAIL"),"") | H39: Reactions / Node Displacements tables
A40: 2 | B40: Reaction FY at J2, C1 | D40: =Combos!$D$57 -> -623.94345 | F40: =IF(ISNUMBER(E40),IF(ABS(D40)<1,ABS(E40-D40),(E40-D40)/ABS(D40)*100),"") | G40: =IF(ISNUMBER(F40),IF(ABS(F40)<=1,"PASS","FAIL"),"") | H40: Reactions / Node Displacements tables
A41: 3 | B41: Reaction FY at J3, C1 | D41: =Combos!$D$58 -> -585.15336 | F41: =IF(ISNUMBER(E41),IF(ABS(D41)<1,ABS(E41-D41),(E41-D41)/ABS(D41)*100),"") | G41: =IF(ISNUMBER(F41),IF(ABS(F41)<=1,"PASS","FAIL"),"") | H41: Reactions / Node Displacements tables
A42: 4 | B42: Reaction FY at J4, C1 | D42: =Combos!$D$59 -> 1187.025 | F42: =IF(ISNUMBER(E42),IF(ABS(D42)<1,ABS(E42-D42),(E42-D42)/ABS(D42)*100),"") | G42: =IF(ISNUMBER(F42),IF(ABS(F42)<=1,"PASS","FAIL"),"") | H42: Reactions / Node Displacements tables
A43: 5 | B43: Reaction FY at J1, C2 | D43: =Combos!$E$56 -> -1468.4666 | F43: =IF(ISNUMBER(E43),IF(ABS(D43)<1,ABS(E43-D43),(E43-D43)/ABS(D43)*100),"") | G43: =IF(ISNUMBER(F43),IF(ABS(F43)<=1,"PASS","FAIL"),"") | H43: Reactions / Node Displacements tables
A44: 6 | B44: Reaction FY at J2, C2 | D44: =Combos!$E$57 -> 774.13356 | F44: =IF(ISNUMBER(E44),IF(ABS(D44)<1,ABS(E44-D44),(E44-D44)/ABS(D44)*100),"") | G44: =IF(ISNUMBER(F44),IF(ABS(F44)<=1,"PASS","FAIL"),"") | H44: Reactions / Node Displacements tables
A45: 7 | B45: Reaction FY at J3, C2 | D45: =Combos!$E$58 -> 738.81957 | F45: =IF(ISNUMBER(E45),IF(ABS(D45)<1,ABS(E45-D45),(E45-D45)/ABS(D45)*100),"") | G45: =IF(ISNUMBER(F45),IF(ABS(F45)<=1,"PASS","FAIL"),"") | H45: Reactions / Node Displacements tables
A46: 8 | B46: Reaction FY at J4, C2 | D46: =Combos!$E$59 -> -1396.1577 | F46: =IF(ISNUMBER(E46),IF(ABS(D46)<1,ABS(E46-D46),(E46-D46)/ABS(D46)*100),"") | G46: =IF(ISNUMBER(F46),IF(ABS(F46)<=1,"PASS","FAIL"),"") | H46: Reactions / Node Displacements tables
A47: 9 | B47: Reaction FX at J1, C2 | D47: =Combos!$E$40 -> -280.23776 | F47: =IF(ISNUMBER(E47),IF(ABS(D47)<1,ABS(E47-D47),(E47-D47)/ABS(D47)*100),"") | G47: =IF(ISNUMBER(F47),IF(ABS(F47)<=1,"PASS","FAIL"),"") | H47: Reactions / Node Displacements tables
A48: 10 | B48: Axial force member A-B, C1 (abs) | D48: =ABS(Combos!$D$13) -> 592.9695 | F48: =IF(ISNUMBER(E48),IF(ABS(D48)<1,ABS(ABS(E48)-ABS(D48)),(ABS(E48)-ABS(D48))/ABS(ABS(D48))*100),"") | G48: =IF(ISNUMBER(F48),IF(ABS(F48)<=1,"PASS","FAIL"),"") | H48: Beam End Forces, member 6 (A-B)
A49: 11 | B49: Axial force member A-B, C2 (abs) | D49: =ABS(Combos!$E$13) -> 724.50211 | F49: =IF(ISNUMBER(E49),IF(ABS(D49)<1,ABS(ABS(E49)-ABS(D49)),(ABS(E49)-ABS(D49))/ABS(ABS(D49))*100),"") | G49: =IF(ISNUMBER(F49),IF(ABS(F49)<=1,"PASS","FAIL"),"") | H49: Beam End Forces, member 6 (A-B)
A50: 12 | B50: Vertical displacement node A, S2 (abs, mm) | D50: =ABS(Combos!$K$60) -> 0.063268993 | F50: =IF(ISNUMBER(E50),IF(ABS(D50)<1,ABS(ABS(E50)-ABS(D50)),(ABS(E50)-ABS(D50))/ABS(ABS(D50))*100),"") | G50: =IF(ISNUMBER(F50),IF(ABS(F50)<=1,"PASS","FAIL"),"") | H50: Reactions / Node Displacements tables
A51: 13 | B51: Vertical displacement node C, S2 (abs, mm) | D51: =ABS(Combos!$K$61) -> 0.062584121 | F51: =IF(ISNUMBER(E51),IF(ABS(D51)<1,ABS(ABS(E51)-ABS(D51)),(ABS(E51)-ABS(D51))/ABS(ABS(D51))*100),"") | G51: =IF(ISNUMBER(F51),IF(ABS(F51)<=1,"PASS","FAIL"),"") | H51: Reactions / Node Displacements tables
A52: 14 | B52: Rafter moment at node M, C1 (abs, N.mm) | D52: =ABS(Combos!$D$37) -> 58725.534 | F52: =IF(ISNUMBER(E52),IF(ABS(D52)<1,ABS(ABS(E52)-ABS(D52)),(ABS(E52)-ABS(D52))/ABS(ABS(D52))*100),"") | G52: =IF(ISNUMBER(F52),IF(ABS(F52)<=1,"PASS","FAIL"),"") | H52: Beam End Forces, member 9 (S1-M), end M, Mz
A53: 15 | B53: Rafter moment at node M, C2 (abs, N.mm) | D53: =ABS(Combos!$E$37) -> 6083.9182 | F53: =IF(ISNUMBER(E53),IF(ABS(D53)<1,ABS(ABS(E53)-ABS(D53)),(ABS(E53)-ABS(D53))/ABS(ABS(D53))*100),"") | G53: =IF(ISNUMBER(F53),IF(ABS(F53)<=1,"PASS","FAIL"),"") | H53: Beam End Forces, member 9 (S1-M), end M, Mz

Sheet Register
A1: 14 VERIFICATION REGISTER - source and status of every code value
A3: # | B3: Value / provision used | C3: Source / clause | D3: Status | E3: Comment
A4: 1 | B4: Basic wind speed Vb, Hyderabad = 44 m/s | C4: IS 875-3 Annex A | D4: Verified (2 search sources: IITK-GSDMA W02, infralens) | E4: Primary code text not opened (egress blocked)
A5: 2 | B5: Kd = 0.9 (frames), Ka = 1.0 (<=10 m2), Kc combination | C5: IS 875-3:2015 cl 7.2.1, 7.2.2, 7.3.3.13 | D5: Verified (search) | E5: Kc=0.9 applies to combined wall+roof+internal pressures; net Cp used here so Kc=1.0 (house practice)
A6: 3 | B6: k1 = 0.91 (25-yr life) | C6: IS 875-3 Table 1 (house value, issued ground-mount jobs) | D6: Assumption | E6: k1 = 1.0 (50-yr, occupied building) raises pd by 21 % -> see Notes sensitivity
A7: 4 | B7: k2 Cat 2: 1.00 @10 m, 1.05 @15 m, 1.07 @20 m; Cat 3: 0.91, 0.97, 1.01 | C7: IS 875-3 Table 2 | D7: 10 m/Cat 2 verified (house); remaining values RECALLED | E7: The search result only echoed the query -> not independent confirmation
A8: 5 | B8: Cp (mono-slope free roof, phi=0): 10 deg +0.5/-0.9; 15 deg +0.7/-1.1 | C8: IS 875-3 Table 7 | D8: Verified (house: checked against table image in an issued design document) | E8: Linear interpolation at 10.115 deg
A9: 6 | B9: Load combinations 1.5(DL+WL); 0.9DL + 1.5WL | C9: IS 800:2007 Table 4 | D9: Verified (search)
A10: 7 | B10: gamma_m0 = 1.10, gamma_m1 = 1.25, gamma_mb = 1.25 | C10: IS 800:2007 Table 5 | D10: Recalled | E10: Standard values
A11: 8 | B11: Table 12: single bolt, hinged: k1=1.25, k2=0.50, k3=60 | C11: IS 800:2007 cl 7.5.1.2 | D11: Verified (search)
A12: 9 | B12: Bearing reduction 0.7 for oversize / short-slot holes | C12: IS 800:2007 cl 10.3.4 | D12: Verified (search) | E12: Applied conservatively to M10/M12 in Ø14 holes and M8 in 9x14 slot
A13: 10 | B13: Min edge/end distance 1.5 d0 (rolled / machine-flame-cut) | C13: IS 800:2007 cl 10.2.4.2 | D13: Recalled | E13: Ø18 J-bolt hole FAILS (22.5 < 27)
A14: 11 | B14: tau_bd (M20, plain bar, tension) = 1.2 N/mm2; hook = 16 phi | C14: IS 456:2000 cl 26.2.1.1, 26.2.2.1 | D14: Verified (multiple search sources)
A15: 12 | B15: Zone II, Z = 0.10 (Hyderabad); Sa/g = 2.5 | C15: IS 1893 (Part 1):2016 Table 3, cl 6.4.2 | D15: Recalled | E15: Zone/Z to be confirmed by client basis
A16: 13 | B16: Component seismic coefficient Ah = (Z/2) I (Sa/g)(1+z/h)/Rp, Rp = 2.5 | C16: IS 1893-1:2016 (component provisions; ASCE-type form) | D16: ASSUMPTION - clause text not retrievable offline | E16: Rp = 1 gives Ah = 0.25: seismic sliding UR rises to 1.04 (FAIL) -> confirm Rp
A17: 14 | B17: Friction coefficient mu = 0.4 | C17: SEAOC PV2 (search: conservative value unless test-justified) | D17: Verified source / assumed surface | E17: Roof finish unknown
A18: 15 | B18: Module 550 Wp, 2279 x 1134 x 35 mm, 29.1 kg; holes 1400 x ~1090 mm | C18: Manufacturer datasheets (search) | D18: Single-source weight; hole pitch consistent with drawing (slots 1088 c/c) | E18: Replace with actual module
A19: 16 | B19: ISA 50x50x5: A=480.3 mm2, Ixx=Iyy=10.96 cm4, Iuu=17.38, Ivv=4.55 | C19: Computed (exact polygon, r1=7, r2=3.5); IS 808 catalogue A=4.80, I=11.0, Iuu=17.5, Ivv=4.5 | D19: Verified by two methods | E19: REJECTED search snippet (Cxx 1.24 cm, Iuu 10.2, Ivv 2.66): Iuu+Ivv must equal Ixx+Iyy = 21.9 cm4
A20: 17 | B20: Concrete 24 kN/m3, steel 78.5 kN/m3 | C20: IS 875-1 Table 1 | D20: Recalled
A21: 18 | B21: Bolt stress areas M8 36.6, M10 58, M12 84.3, M16 157 mm2; 8.8: fub 800, fyb 640 | C21: ISO 898-1 / IS 1367 | D21: Recalled | E21: SS A2-70 (700/450) is an ASSUMPTION - BOM gives no class
A22: 19 | B22: Module dead load = UDL w = Wm/(2 W) on each rafter over the contact length W | C22: Client comment R1 (no purlins); statics: 2 rafters, symmetric overhangs | D22: Design requirement - load-conserving derivation (check row l_udl_chk = 0) | E22: Contact length = module width (module parallel to rafter) is an inference
A23: 20 | B23: Module wind: bolt points (wind_mode 0) vs UDL (wind_mode 1) | C23: Load path via 4 M8 bolts; bounding alternative provided | D23: Design choice, both results reported | E23: wind_mode 1 raises rafter UR from 0.12 to 0.41
A24: 21 | B24: Primary sources NOT opened | C24: law.resource.org, iitk.ac.in, docs.bentley.com, easy-calc.com, eng-tips.com | D24: Blocked by environment egress policy | E24: Cross-check every clause number against licensed code copies before issue

Sheet Notes
A1: 15 NOTES - observations, assumptions, exclusions
A3: OBSERVATIONS ON THE ISSUED DRAWING / BOM (for the drawing owner)
A4: O1 | B4: J-bolt holes Ø18 in a 50 mm leg: smaller edge distance 22.5 mm < 1.5 d0 = 27 mm (IS 800 cl 10.2.4.2). Cannot be cured by moving the hole (max possible minimum edge distance in a 50 mm leg = 25 mm). Options: M12 J-bolt in Ø14 hole (1.5 d0 = 21 mm OK), or M10 J-bolt in Ø12 hole (18 mm OK) - which also supports the M10 alternative checked in this workbook.
A5: O2 | B5: M10 bolts (BOM 2, 3) in Ø14 holes = 4 mm clearance (standard 1-2 mm). Bearing reduced x0.7 (cl 10.3.4). Recommend Ø11/Ø12 holes.
A6: O3 | B6: Ballast block LENGTH (across the frame) is not on the drawing. Design result: governing criterion is SLIDING; required length is on the Summary sheet for 300 w x 250 h blocks (mu = 0.4). Drawing should state it.
A7: O4 | B7: Base member is continuous over the two J-bolts of each block; overhang loads create a couple on the bolt pair (J1 uplift is ~4x the average share). The J-bolt design uses the continuous-beam reactions, not the average.
A8: O5 | B8: BOM 'Total Qty' column shows ####### (narrow column). Totals = 82 x qty/table: 164, 164, 164, 328, 656.
A9: O6 | B9: Drawing note says 'dimensions in meters' but all values are mm.
A10: O7 | B10: Out-of-plane (east-west) stability of each frame relies on the module acting as a link between the 2 frames and on the J-bolt pairs; no out-of-plane load is in the model. Wind direction parallel to the ridge gives small horizontal load; recommended to confirm with client's module clamp details.
A11: ASSUMPTIONS (inferences, each a single input cell on the Inputs sheet)
A12: A1 | B12: 1 table = 1 module (45 kWp / 82 = 549 Wp) carried on 2 frames at 1400 mm (module hole pitch); 4 blocks and 8 J-bolts per table (matches BOM).
A13: A2 | B13: Module 550 Wp, 2279 x 1134 x 35, 29.1 kg. Wind load shared equally by the 4 module bolts.
A14: A3 | B14: Terrain category 2 (conservative; Cat 3 = dense urban lowers pd by ~16 %), roof level 12 m, k1 = 0.91 (25-yr). k1 = 1.0 would raise pd by 21 %.
A15: A4 | B15: Net pressure coefficient (Table 7, solidity 0) applied as a uniform pressure over the module; no roof edge/corner zoning, no shielding by adjacent rows (conservative for interior rows).
A16: A5 | B16: Friction coefficient 0.4 between block and roof; roof finish not known. No roof anchorage assumed.
A17: A6 | B17: Members E250 (fy 250, fu 410). Holes at bolt gauge 27.5 from heel; frame bolt line 27.5 above block top; eccentricities between bolt line and member centroid neglected.
A18: A7 | B18: Single bolt per lap joint = moment-free; angle loaded through one leg (cl 7.5.1.2, single bolt, hinged). No LTB reduction (spans <= 550 mm).
A19: A8 | B19: Seismic: Zone II, I = 1.0, Sa/g = 2.5, Ah per assumed component formula (Rp = 2.5). Seismic sliding is sensitive to Rp - see Register.
A20: A10 | B20: R1 load path: the module rests directly on the two rafters (no purlins). Module dead load is a UDL over the contact length (= module width 1134 mm) of each rafter, w = Wm/(2 W) = module weight per area x tributary width (L/2 = 1139.5 mm). The 439.5 mm module overhang beyond each rafter is carried by the module. Rafter self-weight is a UDL (stubs spread). Module WIND is transferred through the 4 M8 bolts (wind_mode 0); wind_mode 1 applies it as a UDL as well (bounding case) - both satisfy all checks.
A21: A9 | B21: J-bolt: plain-bar bond (tau_bd 1.2, M20) + standard hook 16 phi; practical minimum embedment 100 mm; concrete cone breakout not checked (no IS provision).
A22: NOT INCLUDED
A23: N1 | B23: Roof slab / beam capacity under ballast (average load on Summary) - building structural engineer to confirm.
A24: N2 | B24: Module clamping capacity and module frame checks (module manufacturer).
A25: N3 | B25: Corrosion allowance / HDG thickness, thermal effects, construction loads, snow (Hyderabad: nil).
A26: N4 | B26: STAAD XtraReport PDF: must be produced from STAAD.Pro itself (see staad/REPORT_STEPS.md). Not generated here.
A28: SENSITIVITY (STATIC table generated from the Python engine at build time; the live workbook recalculates when Inputs change)
B29: scenario | pd kN/m2 | required block length mm (raw / rounded 50) | governs | max utilisation at 650 mm | seismic sliding UR
B30: Base case (as issued) | 0.910 | 633 / 650 | Sliding | 0.93 | 0.42
B31: k1 = 1.00 (50-yr life) | 1.099 | 779 / 800 | Sliding | 1.98 | 0.42
B32: Terrain Cat 3 (dense urban) | 0.765 | 522 / 550 | Sliding | 0.64 | 0.42
B33: Roof level 15 m (taller building) | 0.958 | 671 / 700 | Sliding | 1.10 | 0.42
B34: mu = 0.5 (rougher roof finish) | 0.910 | 590 / 600 | Sliding | 0.77 | 0.33
B35: mu = 0.3 (smooth / membrane) | 0.910 | 705 / 750 | Sliding | 1.24 | 0.56
B36: Module 27.5 kg (lighter) | 0.910 | 636 / 650 | Sliding | 0.94 | 0.42
B37: Seismic Rp = 1.0 (no reduction) | 0.910 | 633 / 650 | Sliding | 1.04 | 1.04
B38: Worst: k1=1.0 + roof 15 m + mu=0.3 | 1.157 | 916 / 950 | Sliding | 3.63 | 0.56
B39: Seismic sliding UR is independent of block weight (mu*0.9 vs 1.5*Ah): at Rp = 1.0 it exceeds 1.0 for any block size -> confirm the IS 1893 component basis.
